accession	collection_date	location
EPI_ISL_20288983	2025-06-01	Antigua_And_Barbuda
EPI_ISL_20126961	2025-07-12	Guatemala
EPI_ISL_19895085	2025-05-05	Guatemala
EPI_ISL_20221341	2025-09-08	Guatemala
EPI_ISL_20292469	2025-11-12	British_Columbia
EPI_ISL_20292471	2025-11-12	British_Columbia
EPI_ISL_20292470	2025-11-13	British_Columbia
EPI_ISL_20292476	2025-11-24	British_Columbia
EPI_ISL_20292473	2025-11-19	British_Columbia
EPI_ISL_20292472	2025-11-18	British_Columbia
EPI_ISL_20292475	2025-11-22	British_Columbia
EPI_ISL_20292474	2025-11-21	British_Columbia
EPI_ISL_20260282	2025-10-16	British_Columbia
EPI_ISL_20289590	2025-11-01	British_Columbia
EPI_ISL_20289592	2025-10-28	British_Columbia
EPI_ISL_20289572	2025-11-05	British_Columbia
EPI_ISL_20289575	2025-11-07	British_Columbia
EPI_ISL_20289568	2025-11-06	British_Columbia
EPI_ISL_20289583	2025-11-09	British_Columbia
EPI_ISL_20289579	2025-11-08	British_Columbia
EPI_ISL_20289556	2025-11-09	British_Columbia
EPI_ISL_20289536	2025-10-31	British_Columbia
EPI_ISL_20289687	2025-11-16	British_Columbia
EPI_ISL_20289693	2025-11-16	British_Columbia
EPI_ISL_20289695	2025-11-16	British_Columbia
EPI_ISL_20289689	2025-11-15	British_Columbia
EPI_ISL_20289688	2025-11-17	British_Columbia
EPI_ISL_20289691	2025-11-15	British_Columbia
EPI_ISL_20249456	2025-10-13	British_Columbia
EPI_ISL_20249457	2025-10-13	British_Columbia
EPI_ISL_20249458	2025-10-13	British_Columbia
EPI_ISL_20249459	2025-10-19	British_Columbia
EPI_ISL_20249452	2025-09-22	British_Columbia
EPI_ISL_20249455	2025-10-08	British_Columbia
EPI_ISL_20015945	2025-05-17	British_Columbia
EPI_ISL_20253228	2025-10-22	British_Columbia
EPI_ISL_19901078	2025-05-03	British_Columbia
EPI_ISL_19901076	2025-05-02	British_Columbia
EPI_ISL_19901075	2025-05-02	British_Columbia
EPI_ISL_19901073	2025-05-07	British_Columbia
EPI_ISL_20213029	2025-07-13	British_Columbia
EPI_ISL_20213032	2025-07-14	British_Columbia
EPI_ISL_20212999	2025-07-11	British_Columbia
EPI_ISL_20212992	2025-08-31	British_Columbia
EPI_ISL_20212995	2025-08-09	British_Columbia
EPI_ISL_20213004	2025-07-11	British_Columbia
EPI_ISL_19889189	2025-05-05	British_Columbia
EPI_ISL_20212978	2025-07-16	British_Columbia
EPI_ISL_20212972	2025-08-01	British_Columbia
EPI_ISL_20212945	2025-08-19	British_Columbia
EPI_ISL_20212958	2025-07-26	British_Columbia
EPI_ISL_20212954	2025-08-12	British_Columbia
EPI_ISL_20212955	2025-08-31	British_Columbia
EPI_ISL_20258613	2025-10-22	British_Columbia
EPI_ISL_20258612	2025-11-07	British_Columbia
EPI_ISL_20258610	2025-10-21	British_Columbia
EPI_ISL_20258621	2025-10-28	British_Columbia
EPI_ISL_20258623	2025-10-11	British_Columbia
EPI_ISL_20258622	2025-10-24	British_Columbia
EPI_ISL_20258617	2025-10-06	British_Columbia
EPI_ISL_20258618	2025-10-13	British_Columbia
EPI_ISL_20258597	2025-10-15	British_Columbia
EPI_ISL_20258599	2025-10-19	British_Columbia
EPI_ISL_20258593	2025-10-19	British_Columbia
EPI_ISL_20258594	2025-10-20	British_Columbia
EPI_ISL_20258605	2025-10-31	British_Columbia
EPI_ISL_20258604	2025-10-22	British_Columbia
EPI_ISL_20258607	2025-10-19	British_Columbia
EPI_ISL_20258601	2025-10-25	British_Columbia
EPI_ISL_20258600	2025-10-26	British_Columbia
EPI_ISL_20258603	2025-10-20	British_Columbia
EPI_ISL_20258581	2025-10-04	British_Columbia
EPI_ISL_20258583	2025-10-26	British_Columbia
EPI_ISL_20258582	2025-10-20	British_Columbia
EPI_ISL_20258567	2025-10-22	British_Columbia
EPI_ISL_20258562	2025-10-21	British_Columbia
EPI_ISL_20258572	2025-10-13	British_Columbia
EPI_ISL_20258571	2025-10-31	British_Columbia
EPI_ISL_20258629	2025-10-02	British_Columbia
EPI_ISL_20258630	2025-10-25	British_Columbia
EPI_ISL_20258624	2025-10-22	British_Columbia
EPI_ISL_20266593	2025-10-25	British_Columbia
EPI_ISL_20266592	2025-11-01	British_Columbia
EPI_ISL_20266582	2025-10-26	British_Columbia
EPI_ISL_20266591	2025-10-29	British_Columbia
EPI_ISL_20266590	2025-10-26	British_Columbia
EPI_ISL_20266585	2025-10-31	British_Columbia
EPI_ISL_20266586	2025-10-28	British_Columbia
EPI_ISL_20258548	2025-10-04	British_Columbia
EPI_ISL_20258550	2025-10-20	British_Columbia
EPI_ISL_20258557	2025-10-20	British_Columbia
EPI_ISL_20258556	2025-11-05	British_Columbia
EPI_ISL_20258558	2025-11-01	British_Columbia
EPI_ISL_20258552	2025-10-22	British_Columbia
EPI_ISL_20258555	2025-10-16	British_Columbia
EPI_ISL_20258554	2025-11-07	British_Columbia
EPI_ISL_20258533	2025-10-24	British_Columbia
EPI_ISL_20258534	2025-10-13	British_Columbia
EPI_ISL_20144867	2025-05-17	British_Columbia
EPI_ISL_20144866	2025-05-07	British_Columbia
EPI_ISL_20144864	2025-05-03	British_Columbia
EPI_ISL_20145553	2025-06-11	Guatemala
EPI_ISL_20126948	2025-07-14	Guatemala
EPI_ISL_19895091	2025-05-08	Guatemala
EPI_ISL_20255278	2025-10-15	Guatemala
EPI_ISL_20276925	2025-11-19	Guatemala
EPI_ISL_20276922	2025-11-19	Guatemala
EPI_ISL_20280244	2025-11-11	Costa_Rica
EPI_ISL_20280229	2025-11-17	Costa_Rica
EPI_ISL_20280231	2025-11-17	Costa_Rica
EPI_ISL_20280230	2025-11-15	Costa_Rica
EPI_ISL_20280225	2025-11-14	Costa_Rica
EPI_ISL_20280224	2025-11-13	Costa_Rica
EPI_ISL_20280227	2025-11-13	Costa_Rica
EPI_ISL_20280237	2025-11-14	Costa_Rica
EPI_ISL_20280236	2025-11-14	Costa_Rica
EPI_ISL_20280238	2025-11-14	Costa_Rica
EPI_ISL_20280233	2025-11-17	Costa_Rica
EPI_ISL_20280232	2025-11-17	Costa_Rica
EPI_ISL_20280235	2025-11-19	Costa_Rica
EPI_ISL_20280234	2025-11-18	Costa_Rica
EPI_ISL_20280221	2025-10-13	Costa_Rica
EPI_ISL_20280220	2025-10-14	Costa_Rica
EPI_ISL_20280223	2025-11-11	Costa_Rica
EPI_ISL_20280222	2025-10-13	Costa_Rica
EPI_ISL_20280192	2025-07-09	Costa_Rica
EPI_ISL_20089521	2025-05-05	Costa_Rica
EPI_ISL_20270562	2025-05-29	Costa_Rica
EPI_ISL_20286653	2025-11-19	Costa_Rica
EPI_ISL_20286652	2025-11-19	Costa_Rica
EPI_ISL_20286655	2025-11-20	Costa_Rica
EPI_ISL_20286654	2025-11-21	Costa_Rica
EPI_ISL_20286651	2025-11-23	Costa_Rica
EPI_ISL_20286650	2025-11-25	Costa_Rica
EPI_ISL_20286660	2025-11-25	Costa_Rica
EPI_ISL_20286657	2025-11-22	Costa_Rica
EPI_ISL_20286656	2025-11-24	Costa_Rica
EPI_ISL_20286659	2025-11-25	Costa_Rica
EPI_ISL_20286658	2025-11-20	Costa_Rica
EPI_ISL_20103072	2025-05-21	Costa_Rica
EPI_ISL_20103086	2025-05-14	Costa_Rica
EPI_ISL_20103084	2025-05-18	Costa_Rica
EPI_ISL_20103069	2025-05-17	Costa_Rica
EPI_ISL_20103040	2025-05-05	Costa_Rica
EPI_ISL_20255279	2025-10-16	Guatemala
EPI_ISL_20255275	2025-10-14	Guatemala
EPI_ISL_20226557	2025-08-18	Guatemala
EPI_ISL_20226558	2025-08-21	Guatemala
EPI_ISL_20255272	2025-10-09	Guatemala
EPI_ISL_20141630	2025-08-14	Guatemala
EPI_ISL_20141605	2025-06-20	Guatemala
EPI_ISL_20276892	2025-11-12	Guatemala
EPI_ISL_20286613	2025-11-12	Guatemala
EPI_ISL_20286612	2025-11-05	Guatemala
EPI_ISL_20286616	2025-12-05	Guatemala
EPI_ISL_20126932	2025-07-02	Guatemala
EPI_ISL_20276931	2025-11-26	Guatemala
EPI_ISL_20126965	2025-07-10	Guatemala
EPI_ISL_20292453	2025-11-30	Manitoba
EPI_ISL_20292452	2025-11-29	Manitoba
EPI_ISL_20292455	2025-11-30	Manitoba
EPI_ISL_20292454	2025-11-30	Manitoba
EPI_ISL_20292449	2025-11-29	Manitoba
EPI_ISL_20292448	2025-11-29	Manitoba
EPI_ISL_20292451	2025-11-30	Manitoba
EPI_ISL_20292450	2025-11-29	Manitoba
EPI_ISL_20292456	2025-11-26	Manitoba
EPI_ISL_20292437	2025-11-25	Manitoba
EPI_ISL_20292436	2025-11-24	Manitoba
EPI_ISL_20292439	2025-11-25	Manitoba
EPI_ISL_20292438	2025-11-25	Manitoba
EPI_ISL_20292433	2025-11-13	Manitoba
EPI_ISL_20292435	2025-11-23	Manitoba
EPI_ISL_20292434	2025-11-09	Manitoba
EPI_ISL_20292445	2025-11-28	Manitoba
EPI_ISL_20292444	2025-11-27	Manitoba
EPI_ISL_20292447	2025-11-28	Manitoba
EPI_ISL_20292446	2025-11-28	Manitoba
EPI_ISL_20292441	2025-11-25	Manitoba
EPI_ISL_20292440	2025-11-26	Manitoba
EPI_ISL_20292443	2025-11-26	Manitoba
EPI_ISL_20292442	2025-11-26	Manitoba
EPI_ISL_20292429	2025-11-03	Manitoba
EPI_ISL_20292487	2025-11-30	Manitoba
EPI_ISL_20292489	2025-12-02	Manitoba
EPI_ISL_20292488	2025-11-29	Manitoba
EPI_ISL_20144869	2025-06-13	Manitoba
EPI_ISL_20144868	2025-06-13	Manitoba
EPI_ISL_20137323	2025-07-28	Manitoba
EPI_ISL_20260285	2025-10-29	Manitoba
EPI_ISL_20260287	2025-10-24	Manitoba
EPI_ISL_20260286	2025-10-28	Manitoba
EPI_ISL_20260283	2025-10-27	Manitoba
EPI_ISL_20260288	2025-10-29	Manitoba
EPI_ISL_20289596	2025-11-08	Manitoba
EPI_ISL_20289598	2025-11-14	Manitoba
EPI_ISL_20289594	2025-11-12	Manitoba
EPI_ISL_20289648	2025-11-08	Manitoba
EPI_ISL_20289651	2025-11-12	Manitoba
EPI_ISL_20289660	2025-11-12	Manitoba
EPI_ISL_20289662	2025-11-08	Manitoba
EPI_ISL_20289656	2025-11-12	Manitoba
EPI_ISL_20289658	2025-11-10	Manitoba
EPI_ISL_20289636	2025-11-14	Manitoba
EPI_ISL_20289638	2025-11-12	Manitoba
EPI_ISL_20289632	2025-11-11	Manitoba
EPI_ISL_20289634	2025-11-11	Manitoba
EPI_ISL_20289644	2025-11-12	Manitoba
EPI_ISL_20289646	2025-11-10	Manitoba
EPI_ISL_20289640	2025-11-13	Manitoba
EPI_ISL_20289642	2025-11-12	Manitoba
EPI_ISL_20289621	2025-11-12	Manitoba
EPI_ISL_20289623	2025-11-11	Manitoba
EPI_ISL_20289617	2025-11-07	Manitoba
EPI_ISL_20289619	2025-11-11	Manitoba
EPI_ISL_20289625	2025-11-11	Manitoba
EPI_ISL_20289627	2025-11-13	Manitoba
EPI_ISL_20289607	2025-11-12	Manitoba
EPI_ISL_20289601	2025-11-16	Manitoba
EPI_ISL_20289600	2025-11-15	Manitoba
EPI_ISL_20289603	2025-11-12	Manitoba
EPI_ISL_20289613	2025-11-13	Manitoba
EPI_ISL_20289615	2025-11-12	Manitoba
EPI_ISL_20289609	2025-11-13	Manitoba
EPI_ISL_20289611	2025-11-14	Manitoba
EPI_ISL_20289717	2025-11-20	Manitoba
EPI_ISL_20289719	2025-11-25	Manitoba
EPI_ISL_20289726	2025-11-23	Manitoba
EPI_ISL_20289721	2025-11-19	Manitoba
EPI_ISL_20289723	2025-11-30	Manitoba
EPI_ISL_20289669	2025-11-16	Manitoba
EPI_ISL_20289671	2025-11-10	Manitoba
EPI_ISL_20289664	2025-11-12	Manitoba
EPI_ISL_20289667	2025-11-12	Manitoba
EPI_ISL_20289675	2025-11-17	Manitoba
EPI_ISL_20289750	2025-11-18	Manitoba
EPI_ISL_20289745	2025-11-19	Manitoba
EPI_ISL_20289747	2025-11-19	Manitoba
EPI_ISL_20289756	2025-11-23	Manitoba
EPI_ISL_20289752	2025-11-19	Manitoba
EPI_ISL_20289754	2025-11-20	Manitoba
EPI_ISL_20289732	2025-11-19	Manitoba
EPI_ISL_20289735	2025-11-20	Manitoba
EPI_ISL_20289728	2025-11-22	Manitoba
EPI_ISL_20289730	2025-11-22	Manitoba
EPI_ISL_20289740	2025-11-20	Manitoba
EPI_ISL_20289743	2025-11-28	Manitoba
EPI_ISL_20289737	2025-11-23	Manitoba
EPI_ISL_20249460	2025-10-23	Manitoba
EPI_ISL_20249461	2025-10-24	Manitoba
EPI_ISL_20249462	2025-10-24	Manitoba
EPI_ISL_20249463	2025-10-25	Manitoba
EPI_ISL_20249466	2025-10-23	Manitoba
EPI_ISL_20249467	2025-10-23	Manitoba
EPI_ISL_20253218	2025-10-24	Manitoba
EPI_ISL_20073106	2025-06-08	Manitoba
EPI_ISL_20073110	2025-06-13	Manitoba
EPI_ISL_20073108	2025-06-24	Manitoba
EPI_ISL_20073112	2025-06-13	Manitoba
EPI_ISL_20236994	2025-09-25	Manitoba
EPI_ISL_20266557	2025-10-31	Manitoba
EPI_ISL_20266559	2025-10-28	Manitoba
EPI_ISL_20266558	2025-10-29	Manitoba
EPI_ISL_20266581	2025-10-19	Manitoba
EPI_ISL_20266579	2025-11-07	Manitoba
EPI_ISL_20266566	2025-10-30	Manitoba
EPI_ISL_20266561	2025-10-29	Manitoba
EPI_ISL_20266560	2025-10-28	Manitoba
EPI_ISL_20266569	2025-11-05	Manitoba
EPI_ISL_20266568	2025-11-07	Manitoba
EPI_ISL_20238569	2025-05-12	Mexico
EPI_ISL_20238571	2025-05-17	Mexico
EPI_ISL_20277759	2025-05-30	Mexico
EPI_ISL_20085303	2025-05-30	Mexico
EPI_ISL_20277760	2025-10-31	Mexico
EPI_ISL_20126930	2025-06-28	Guatemala
EPI_ISL_19895287	2025-05-08	Guatemala
EPI_ISL_19906697	2025-05-02	New_Brunswick
EPI_ISL_19906696	2025-05-02	New_Brunswick
EPI_ISL_19906695	2025-05-01	New_Brunswick
EPI_ISL_20267237	2025-11-18	New_Brunswick
EPI_ISL_20267236	2025-11-16	New_Brunswick
EPI_ISL_20267239	2025-11-18	New_Brunswick
EPI_ISL_20267238	2025-11-17	New_Brunswick
EPI_ISL_20267233	2025-11-15	New_Brunswick
EPI_ISL_20267232	2025-11-16	New_Brunswick
EPI_ISL_20267235	2025-11-13	New_Brunswick
EPI_ISL_20267234	2025-11-14	New_Brunswick
EPI_ISL_20267241	2025-11-22	New_Brunswick
EPI_ISL_20267240	2025-11-22	New_Brunswick
EPI_ISL_20267221	2025-11-19	New_Brunswick
EPI_ISL_20267220	2025-11-23	New_Brunswick
EPI_ISL_20267223	2025-11-23	New_Brunswick
EPI_ISL_20267222	2025-11-24	New_Brunswick
EPI_ISL_20267217	2025-11-25	New_Brunswick
EPI_ISL_20267216	2025-11-24	New_Brunswick
EPI_ISL_20267219	2025-11-23	New_Brunswick
EPI_ISL_20267218	2025-11-24	New_Brunswick
EPI_ISL_20267229	2025-11-20	New_Brunswick
EPI_ISL_20267228	2025-11-21	New_Brunswick
EPI_ISL_20267231	2025-11-17	New_Brunswick
EPI_ISL_20267230	2025-11-19	New_Brunswick
EPI_ISL_20267224	2025-11-22	New_Brunswick
EPI_ISL_20267227	2025-11-19	New_Brunswick
EPI_ISL_20267205	2025-11-26	New_Brunswick
EPI_ISL_20267204	2025-11-25	New_Brunswick
EPI_ISL_20267207	2025-11-26	New_Brunswick
EPI_ISL_20267206	2025-11-26	New_Brunswick
EPI_ISL_20267213	2025-11-25	New_Brunswick
EPI_ISL_20267212	2025-11-27	New_Brunswick
EPI_ISL_20267215	2025-11-25	New_Brunswick
EPI_ISL_20267214	2025-11-24	New_Brunswick
EPI_ISL_20267209	2025-11-28	New_Brunswick
EPI_ISL_20267208	2025-11-27	New_Brunswick
EPI_ISL_20267211	2025-11-30	New_Brunswick
EPI_ISL_20267210	2025-11-29	New_Brunswick
EPI_ISL_20292468	2025-11-25	New_Brunswick
EPI_ISL_20292465	2025-11-28	New_Brunswick
EPI_ISL_20292464	2025-11-25	New_Brunswick
EPI_ISL_20292467	2025-11-26	New_Brunswick
EPI_ISL_20292466	2025-11-27	New_Brunswick
EPI_ISL_20292461	2025-11-24	New_Brunswick
EPI_ISL_20292460	2025-11-23	New_Brunswick
EPI_ISL_20292463	2025-11-24	New_Brunswick
EPI_ISL_20292462	2025-11-25	New_Brunswick
EPI_ISL_20292457	2025-11-27	New_Brunswick
EPI_ISL_20292459	2025-11-23	New_Brunswick
EPI_ISL_20292432	2025-11-10	New_Brunswick
EPI_ISL_20255431	2025-11-10	New_Brunswick
EPI_ISL_20255430	2025-11-13	New_Brunswick
EPI_ISL_20255437	2025-11-02	New_Brunswick
EPI_ISL_20255436	2025-11-03	New_Brunswick
EPI_ISL_20255439	2025-11-02	New_Brunswick
EPI_ISL_20255438	2025-11-01	New_Brunswick
EPI_ISL_20255433	2025-11-10	New_Brunswick
EPI_ISL_20255432	2025-11-10	New_Brunswick
EPI_ISL_20255435	2025-11-13	New_Brunswick
EPI_ISL_20255434	2025-11-14	New_Brunswick
EPI_ISL_20244512	2025-10-22	New_Brunswick
EPI_ISL_20244513	2025-10-21	New_Brunswick
EPI_ISL_20289552	2025-11-02	New_Brunswick
EPI_ISL_20289554	2025-11-10	New_Brunswick
EPI_ISL_20244508	2025-10-26	New_Brunswick
EPI_ISL_20244509	2025-10-27	New_Brunswick
EPI_ISL_20244510	2025-10-31	New_Brunswick
EPI_ISL_20244511	2025-10-31	New_Brunswick
EPI_ISL_20244506	2025-10-29	New_Brunswick
EPI_ISL_20244507	2025-10-28	New_Brunswick
EPI_ISL_20289540	2025-11-02	New_Brunswick
EPI_ISL_20289542	2025-11-14	New_Brunswick
EPI_ISL_20289538	2025-11-10	New_Brunswick
EPI_ISL_20289548	2025-11-13	New_Brunswick
EPI_ISL_20289550	2025-11-03	New_Brunswick
EPI_ISL_20289544	2025-11-13	New_Brunswick
EPI_ISL_20289546	2025-11-01	New_Brunswick
EPI_ISL_20208163	2025-09-05	New_Brunswick
EPI_ISL_20283197	2025-12-07	New_Brunswick
EPI_ISL_20283196	2025-12-07	New_Brunswick
EPI_ISL_20283199	2025-12-08	New_Brunswick
EPI_ISL_20283195	2025-12-07	New_Brunswick
EPI_ISL_20283194	2025-12-10	New_Brunswick
EPI_ISL_20283205	2025-12-09	New_Brunswick
EPI_ISL_20283204	2025-12-10	New_Brunswick
EPI_ISL_20283207	2025-12-03	New_Brunswick
EPI_ISL_20283206	2025-12-06	New_Brunswick
EPI_ISL_20283201	2025-12-12	New_Brunswick
EPI_ISL_20283200	2025-12-05	New_Brunswick
EPI_ISL_20283203	2025-12-13	New_Brunswick
EPI_ISL_20283202	2025-12-13	New_Brunswick
EPI_ISL_20283213	2025-11-20	New_Brunswick
EPI_ISL_20283212	2025-11-17	New_Brunswick
EPI_ISL_20283214	2025-11-20	New_Brunswick
EPI_ISL_20283209	2025-12-14	New_Brunswick
EPI_ISL_20283208	2025-12-07	New_Brunswick
EPI_ISL_20283211	2025-12-12	New_Brunswick
EPI_ISL_20283210	2025-12-14	New_Brunswick
EPI_ISL_20266576	2025-10-27	New_Brunswick
EPI_ISL_20266578	2025-10-31	New_Brunswick
EPI_ISL_20266573	2025-10-29	New_Brunswick
EPI_ISL_20266575	2025-10-26	New_Brunswick
EPI_ISL_20266574	2025-10-28	New_Brunswick
EPI_ISL_20144865	2025-05-06	New_Brunswick
EPI_ISL_20144863	2025-05-02	New_Brunswick
EPI_ISL_20287761	2025-11-30	Nova_Scotia
EPI_ISL_20287760	2025-11-30	Nova_Scotia
EPI_ISL_20287749	2025-11-28	Nova_Scotia
EPI_ISL_20287748	2025-11-29	Nova_Scotia
EPI_ISL_20287751	2025-11-30	Nova_Scotia
EPI_ISL_20287750	2025-11-28	Nova_Scotia
EPI_ISL_20287745	2025-11-26	Nova_Scotia
EPI_ISL_20287744	2025-11-26	Nova_Scotia
EPI_ISL_20287747	2025-11-28	Nova_Scotia
EPI_ISL_20287746	2025-11-27	Nova_Scotia
EPI_ISL_20287756	2025-11-08	Nova_Scotia
EPI_ISL_20287759	2025-11-29	Nova_Scotia
EPI_ISL_20287758	2025-11-24	Nova_Scotia
EPI_ISL_20287753	2025-11-30	Nova_Scotia
EPI_ISL_20287752	2025-11-30	Nova_Scotia
EPI_ISL_20287755	2025-11-30	Nova_Scotia
EPI_ISL_20287754	2025-11-30	Nova_Scotia
EPI_ISL_20287733	2025-11-30	Nova_Scotia
EPI_ISL_20287741	2025-11-20	Nova_Scotia
EPI_ISL_20287743	2025-11-26	Nova_Scotia
EPI_ISL_20287742	2025-11-22	Nova_Scotia
EPI_ISL_20287737	2025-12-01	Nova_Scotia
EPI_ISL_20287739	2025-12-02	Nova_Scotia
EPI_ISL_20287738	2025-12-02	Nova_Scotia
EPI_ISL_20297781	2025-12-13	Nova_Scotia
EPI_ISL_20297780	2025-12-13	Nova_Scotia
EPI_ISL_20297783	2025-12-14	Nova_Scotia
EPI_ISL_20297782	2025-12-14	Nova_Scotia
EPI_ISL_20297777	2025-12-12	Nova_Scotia
EPI_ISL_20297776	2025-12-12	Nova_Scotia
EPI_ISL_20297779	2025-12-13	Nova_Scotia
EPI_ISL_20297778	2025-12-13	Nova_Scotia
EPI_ISL_20297789	2025-12-15	Nova_Scotia
EPI_ISL_20297788	2025-12-15	Nova_Scotia
EPI_ISL_20297791	2025-12-16	Nova_Scotia
EPI_ISL_20297790	2025-12-15	Nova_Scotia
EPI_ISL_20297785	2025-12-15	Nova_Scotia
EPI_ISL_20297784	2025-12-14	Nova_Scotia
EPI_ISL_20297787	2025-12-15	Nova_Scotia
EPI_ISL_20297786	2025-12-15	Nova_Scotia
EPI_ISL_20297765	2025-12-09	Nova_Scotia
EPI_ISL_20297764	2025-12-08	Nova_Scotia
EPI_ISL_20297767	2025-12-09	Nova_Scotia
EPI_ISL_20297766	2025-12-09	Nova_Scotia
EPI_ISL_20297761	2025-12-05	Nova_Scotia
EPI_ISL_20297760	2025-12-04	Nova_Scotia
EPI_ISL_20297763	2025-12-06	Nova_Scotia
EPI_ISL_20297762	2025-12-06	Nova_Scotia
EPI_ISL_20297773	2025-12-10	Nova_Scotia
EPI_ISL_20297772	2025-12-10	Nova_Scotia
EPI_ISL_20297775	2025-12-11	Nova_Scotia
EPI_ISL_20297774	2025-12-10	Nova_Scotia
EPI_ISL_20297769	2025-12-09	Nova_Scotia
EPI_ISL_20297768	2025-12-09	Nova_Scotia
EPI_ISL_20297771	2025-12-10	Nova_Scotia
EPI_ISL_20297813	2025-12-06	Nova_Scotia
EPI_ISL_20297812	2025-12-06	Nova_Scotia
EPI_ISL_20297814	2025-12-07	Nova_Scotia
EPI_ISL_20297809	2025-12-05	Nova_Scotia
EPI_ISL_20297808	2025-12-04	Nova_Scotia
EPI_ISL_20297811	2025-12-06	Nova_Scotia
EPI_ISL_20297810	2025-12-05	Nova_Scotia
EPI_ISL_20297797	2025-12-17	Nova_Scotia
EPI_ISL_20297796	2025-12-17	Nova_Scotia
EPI_ISL_20297799	2025-12-17	Nova_Scotia
EPI_ISL_20297798	2025-12-17	Nova_Scotia
EPI_ISL_20297793	2025-12-16	Nova_Scotia
EPI_ISL_20297792	2025-12-16	Nova_Scotia
EPI_ISL_20297795	2025-12-17	Nova_Scotia
EPI_ISL_20297794	2025-12-17	Nova_Scotia
EPI_ISL_20297805	2025-12-04	Nova_Scotia
EPI_ISL_20297804	2025-12-03	Nova_Scotia
EPI_ISL_20297807	2025-12-04	Nova_Scotia
EPI_ISL_20297806	2025-12-04	Nova_Scotia
EPI_ISL_20297801	2025-12-01	Nova_Scotia
EPI_ISL_20297800	2025-12-01	Nova_Scotia
EPI_ISL_20297803	2025-12-01	Nova_Scotia
EPI_ISL_20221357	2025-09-22	Guatemala
EPI_ISL_20295253	2025-10-19	Ontario
EPI_ISL_20295252	2025-10-17	Ontario
EPI_ISL_20295255	2025-10-23	Ontario
EPI_ISL_20295254	2025-10-19	Ontario
EPI_ISL_20295249	2025-09-27	Ontario
EPI_ISL_20295248	2025-09-25	Ontario
EPI_ISL_20295251	2025-10-06	Ontario
EPI_ISL_20295250	2025-09-28	Ontario
EPI_ISL_20295261	2025-10-27	Ontario
EPI_ISL_20295260	2025-10-25	Ontario
EPI_ISL_20295262	2025-10-27	Ontario
EPI_ISL_20295257	2025-10-23	Ontario
EPI_ISL_20295256	2025-10-23	Ontario
EPI_ISL_20295259	2025-10-25	Ontario
EPI_ISL_20295258	2025-10-24	Ontario
EPI_ISL_20295245	2025-09-18	Ontario
EPI_ISL_20295244	2025-09-17	Ontario
EPI_ISL_20295246	2025-09-23	Ontario
EPI_ISL_20295241	2025-09-04	Ontario
EPI_ISL_20295240	2025-08-28	Ontario
EPI_ISL_20295243	2025-09-14	Ontario
EPI_ISL_20295242	2025-09-14	Ontario
EPI_ISL_20295333	2025-11-11	Ontario
EPI_ISL_20295332	2025-11-10	Ontario
EPI_ISL_20295329	2025-11-09	Ontario
EPI_ISL_20295328	2025-11-09	Ontario
EPI_ISL_20295331	2025-11-10	Ontario
EPI_ISL_20295330	2025-11-10	Ontario
EPI_ISL_20295317	2025-11-06	Ontario
EPI_ISL_20295316	2025-11-06	Ontario
EPI_ISL_20295319	2025-11-06	Ontario
EPI_ISL_20295318	2025-11-06	Ontario
EPI_ISL_20295313	2025-11-04	Ontario
EPI_ISL_20295312	2025-11-03	Ontario
EPI_ISL_20295315	2025-11-06	Ontario
EPI_ISL_20295314	2025-11-05	Ontario
EPI_ISL_20295325	2025-11-08	Ontario
EPI_ISL_20295324	2025-11-07	Ontario
EPI_ISL_20295327	2025-11-09	Ontario
EPI_ISL_20295326	2025-11-09	Ontario
EPI_ISL_20295321	2025-11-07	Ontario
EPI_ISL_20295320	2025-11-06	Ontario
EPI_ISL_20295323	2025-11-07	Ontario
EPI_ISL_20295301	2025-10-27	Ontario
EPI_ISL_20295300	2025-10-27	Ontario
EPI_ISL_20295302	2025-10-30	Ontario
EPI_ISL_20295309	2025-11-03	Ontario
EPI_ISL_20295308	2025-11-02	Ontario
EPI_ISL_20295305	2025-10-31	Ontario
EPI_ISL_20295304	2025-10-31	Ontario
EPI_ISL_20295307	2025-11-02	Ontario
EPI_ISL_20295306	2025-11-01	Ontario
EPI_ISL_20295380	2025-11-13	Ontario
EPI_ISL_20295377	2025-11-12	Ontario
EPI_ISL_20295376	2025-11-12	Ontario
EPI_ISL_20295379	2025-11-14	Ontario
EPI_ISL_20295378	2025-11-13	Ontario
EPI_ISL_20295365	2025-11-11	Ontario
EPI_ISL_20295364	2025-11-11	Ontario
EPI_ISL_20295373	2025-11-12	Ontario
EPI_ISL_20295372	2025-11-12	Ontario
EPI_ISL_20295375	2025-11-12	Ontario
EPI_ISL_20295369	2025-11-11	Ontario
EPI_ISL_20281784	2025-11-01	Ontario
EPI_ISL_20281763	2025-11-01	Ontario
EPI_ISL_20281809	2025-11-01	Ontario
EPI_ISL_20281820	2025-11-01	Ontario
EPI_ISL_20281796	2025-11-01	Ontario
EPI_ISL_20282117	2025-11-01	Ontario
EPI_ISL_20282116	2025-11-01	Ontario
EPI_ISL_20282119	2025-11-01	Ontario
EPI_ISL_20282118	2025-11-01	Ontario
EPI_ISL_20282112	2025-11-01	Ontario
EPI_ISL_20282114	2025-11-01	Ontario
EPI_ISL_20282125	2025-11-01	Ontario
EPI_ISL_20282124	2025-11-01	Ontario
EPI_ISL_20282127	2025-11-01	Ontario
EPI_ISL_20282126	2025-11-01	Ontario
EPI_ISL_20282121	2025-11-01	Ontario
EPI_ISL_20281907	2025-11-01	Ontario
EPI_ISL_20281917	2025-11-01	Ontario
EPI_ISL_20281896	2025-11-01	Ontario
EPI_ISL_20281884	2025-11-01	Ontario
EPI_ISL_20281863	2025-11-01	Ontario
EPI_ISL_20281973	2025-11-01	Ontario
EPI_ISL_20281961	2025-11-01	Ontario
EPI_ISL_20282036	2025-11-01	Ontario
EPI_ISL_20282033	2025-11-01	Ontario
EPI_ISL_20282032	2025-11-01	Ontario
EPI_ISL_20282035	2025-11-01	Ontario
EPI_ISL_20282034	2025-11-01	Ontario
EPI_ISL_20282047	2025-11-01	Ontario
EPI_ISL_20282043	2025-11-01	Ontario
EPI_ISL_20282020	2025-11-01	Ontario
EPI_ISL_20282023	2025-11-01	Ontario
EPI_ISL_20282022	2025-11-01	Ontario
EPI_ISL_20282029	2025-11-01	Ontario
EPI_ISL_20282028	2025-11-01	Ontario
EPI_ISL_20282031	2025-11-01	Ontario
EPI_ISL_20282030	2025-11-01	Ontario
EPI_ISL_20282025	2025-11-01	Ontario
EPI_ISL_20282024	2025-11-01	Ontario
EPI_ISL_20282027	2025-11-01	Ontario
EPI_ISL_20282026	2025-11-01	Ontario
EPI_ISL_20281986	2025-11-01	Ontario
EPI_ISL_20281999	2025-11-01	Ontario
EPI_ISL_20282100	2025-11-01	Ontario
EPI_ISL_20282103	2025-11-01	Ontario
EPI_ISL_20282097	2025-11-01	Ontario
EPI_ISL_20282096	2025-11-01	Ontario
EPI_ISL_20282099	2025-11-01	Ontario
EPI_ISL_20282098	2025-11-01	Ontario
EPI_ISL_20282109	2025-11-01	Ontario
EPI_ISL_20282108	2025-11-01	Ontario
EPI_ISL_20282111	2025-11-01	Ontario
EPI_ISL_20282110	2025-11-01	Ontario
EPI_ISL_20282105	2025-11-01	Ontario
EPI_ISL_20282107	2025-11-01	Ontario
EPI_ISL_20282106	2025-11-01	Ontario
EPI_ISL_20282087	2025-11-01	Ontario
EPI_ISL_20282086	2025-11-01	Ontario
EPI_ISL_20282081	2025-11-01	Ontario
EPI_ISL_20282082	2025-11-01	Ontario
EPI_ISL_20282093	2025-11-01	Ontario
EPI_ISL_20282092	2025-11-01	Ontario
EPI_ISL_20282094	2025-11-01	Ontario
EPI_ISL_20282089	2025-11-01	Ontario
EPI_ISL_20282088	2025-11-01	Ontario
EPI_ISL_20282091	2025-11-01	Ontario
EPI_ISL_20282090	2025-11-01	Ontario
EPI_ISL_20282071	2025-11-01	Ontario
EPI_ISL_20282065	2025-11-01	Ontario
EPI_ISL_20282064	2025-11-01	Ontario
EPI_ISL_20282067	2025-11-01	Ontario
EPI_ISL_20282078	2025-11-01	Ontario
EPI_ISL_20282072	2025-11-01	Ontario
EPI_ISL_20282075	2025-11-01	Ontario
EPI_ISL_20282074	2025-11-01	Ontario
EPI_ISL_20282053	2025-11-01	Ontario
EPI_ISL_20282052	2025-11-01	Ontario
EPI_ISL_20282054	2025-11-01	Ontario
EPI_ISL_20282061	2025-11-01	Ontario
EPI_ISL_20282062	2025-11-01	Ontario
EPI_ISL_20282057	2025-11-01	Ontario
EPI_ISL_20282056	2025-11-01	Ontario
EPI_ISL_20282059	2025-11-01	Ontario
EPI_ISL_20282058	2025-11-01	Ontario
EPI_ISL_20247715	2025-10-06	USA
EPI_ISL_20247709	2025-10-06	USA
EPI_ISL_20288759	2025-11-08	USA
EPI_ISL_20193003	2025-08-25	USA
EPI_ISL_20126952	2025-07-02	Guatemala
EPI_ISL_20206180	2025-08-12	Guatemala
EPI_ISL_20276899	2025-11-15	Guatemala
EPI_ISL_20221353	2025-09-14	Guatemala
EPI_ISL_20276905	2025-11-23	Guatemala
EPI_ISL_20144906	2025-05-10	Panama
EPI_ISL_20288630	2025-05-19	Panama
EPI_ISL_20288645	2025-11-23	Panama
EPI_ISL_20288644	2025-11-14	Panama
EPI_ISL_20288647	2025-11-23	Panama
EPI_ISL_20288646	2025-11-23	Panama
EPI_ISL_20288643	2025-11-04	Panama
EPI_ISL_20288642	2025-10-10	Panama
EPI_ISL_20288649	2025-12-02	Panama
EPI_ISL_20288648	2025-11-26	Panama
EPI_ISL_20288651	2025-12-08	Panama
EPI_ISL_20288650	2025-12-08	Panama
EPI_ISL_20072808	2025-05-10	Panama
EPI_ISL_19900996	2025-05-05	Panama
EPI_ISL_20126967	2025-07-14	Guatemala
EPI_ISL_20126918	2025-06-20	Guatemala
EPI_ISL_20206176	2025-08-06	Guatemala
EPI_ISL_20255276	2025-10-18	Guatemala
EPI_ISL_20255273	2025-10-10	Guatemala
EPI_ISL_20255274	2025-10-10	Guatemala
EPI_ISL_20206159	2025-07-21	Guatemala
EPI_ISL_20145568	2025-07-15	Guatemala
EPI_ISL_20126928	2025-06-24	Guatemala
EPI_ISL_20276935	2025-11-25	Guatemala
EPI_ISL_20126933	2025-07-01	Guatemala
EPI_ISL_20206169	2025-07-31	Guatemala
EPI_ISL_20056936	2025-05-14	Guatemala
EPI_ISL_20056937	2025-05-19	Guatemala
EPI_ISL_20221347	2025-09-08	Guatemala
EPI_ISL_19895093	2025-05-12	Guatemala
EPI_ISL_20281653	2025-11-25	Saskatchewan
EPI_ISL_20281652	2025-11-27	Saskatchewan
EPI_ISL_20281655	2025-11-27	Saskatchewan
EPI_ISL_20281654	2025-11-27	Saskatchewan
EPI_ISL_20281649	2025-11-22	Saskatchewan
EPI_ISL_20281651	2025-11-26	Saskatchewan
EPI_ISL_20281661	2025-11-26	Saskatchewan
EPI_ISL_20281660	2025-11-27	Saskatchewan
EPI_ISL_20281663	2025-11-27	Saskatchewan
EPI_ISL_20281662	2025-11-27	Saskatchewan
EPI_ISL_20281657	2025-11-25	Saskatchewan
EPI_ISL_20281656	2025-11-25	Saskatchewan
EPI_ISL_20281659	2025-11-28	Saskatchewan
EPI_ISL_20281658	2025-11-25	Saskatchewan
EPI_ISL_20281637	2025-11-24	Saskatchewan
EPI_ISL_20281636	2025-11-24	Saskatchewan
EPI_ISL_20281639	2025-11-23	Saskatchewan
EPI_ISL_20281638	2025-11-24	Saskatchewan
EPI_ISL_20281633	2025-11-23	Saskatchewan
EPI_ISL_20281635	2025-11-21	Saskatchewan
EPI_ISL_20281634	2025-11-23	Saskatchewan
EPI_ISL_20281645	2025-11-25	Saskatchewan
EPI_ISL_20281644	2025-11-25	Saskatchewan
EPI_ISL_20281642	2025-11-25	Saskatchewan
EPI_ISL_20281621	2025-11-18	Saskatchewan
EPI_ISL_20281617	2025-11-20	Saskatchewan
EPI_ISL_20281618	2025-11-20	Saskatchewan
EPI_ISL_20281629	2025-11-20	Saskatchewan
EPI_ISL_20281628	2025-11-20	Saskatchewan
EPI_ISL_20281624	2025-11-21	Saskatchewan
EPI_ISL_20281627	2025-11-21	Saskatchewan
EPI_ISL_20281604	2025-11-14	Saskatchewan
EPI_ISL_20281606	2025-11-14	Saskatchewan
EPI_ISL_20281600	2025-11-16	Saskatchewan
EPI_ISL_20281603	2025-11-17	Saskatchewan
EPI_ISL_20281613	2025-11-19	Saskatchewan
EPI_ISL_20281615	2025-11-16	Saskatchewan
EPI_ISL_20281614	2025-11-18	Saskatchewan
EPI_ISL_20281611	2025-11-17	Saskatchewan
EPI_ISL_20281669	2025-11-28	Saskatchewan
EPI_ISL_20281668	2025-11-30	Saskatchewan
EPI_ISL_20281671	2025-11-28	Saskatchewan
EPI_ISL_20281670	2025-11-28	Saskatchewan
EPI_ISL_20281665	2025-11-28	Saskatchewan
EPI_ISL_20281664	2025-11-28	Saskatchewan
EPI_ISL_20281667	2025-11-28	Saskatchewan
EPI_ISL_20281666	2025-11-28	Saskatchewan
EPI_ISL_20289685	2025-11-02	Saskatchewan
EPI_ISL_20289684	2025-11-02	Saskatchewan
EPI_ISL_20289683	2025-10-29	Saskatchewan
EPI_ISL_20281590	2025-11-12	Saskatchewan
EPI_ISL_20281597	2025-11-15	Saskatchewan
EPI_ISL_20281596	2025-11-13	Saskatchewan
EPI_ISL_20281599	2025-11-17	Saskatchewan
EPI_ISL_20281593	2025-11-12	Saskatchewan
EPI_ISL_20281592	2025-11-11	Saskatchewan
EPI_ISL_20281595	2025-11-12	Saskatchewan
EPI_ISL_20257589	2025-11-02	Saskatchewan
EPI_ISL_20257590	2025-11-02	Saskatchewan
EPI_ISL_20257585	2025-10-29	Saskatchewan
EPI_ISL_20257584	2025-10-31	Saskatchewan
EPI_ISL_20257587	2025-10-31	Saskatchewan
EPI_ISL_20257586	2025-11-02	Saskatchewan
EPI_ISL_20257594	2025-11-03	Saskatchewan
EPI_ISL_20257572	2025-09-23	Saskatchewan
EPI_ISL_20191927	2025-05-05	Saskatchewan
EPI_ISL_20191929	2025-05-05	Saskatchewan
EPI_ISL_20191954	2025-09-03	Saskatchewan
EPI_ISL_20191955	2025-09-05	Saskatchewan
EPI_ISL_20145566	2025-06-16	Guatemala
EPI_ISL_20098338	2025-05-19	Guatemala
EPI_ISL_20126963	2025-07-14	Guatemala
EPI_ISL_20229728	2025-09-30	Guatemala
EPI_ISL_20297851	2025-12-09	USA
EPI_ISL_20169996	2025-07-25	USA
EPI_ISL_20288764	2025-10-21	USA
EPI_ISL_19912360	2025-05-01	USA
EPI_ISL_20261837	2025-10-20	USA
EPI_ISL_20261836	2025-10-01	USA
EPI_ISL_20073786	2025-05-20	USA
EPI_ISL_20289461	2025-11-20	USA
EPI_ISL_20289460	2025-11-24	USA
EPI_ISL_20289463	2025-11-21	USA
EPI_ISL_20289462	2025-12-02	USA
EPI_ISL_20289457	2025-12-02	USA
EPI_ISL_20289459	2025-11-24	USA
EPI_ISL_20289458	2025-11-21	USA
EPI_ISL_20289465	2025-11-24	USA
EPI_ISL_20289464	2025-11-24	USA
EPI_ISL_20285045	2025-11-14	USA
EPI_ISL_20285047	2025-11-14	USA
EPI_ISL_20285043	2025-11-12	USA
EPI_ISL_20285053	2025-11-18	USA
EPI_ISL_20285055	2025-11-18	USA
EPI_ISL_20285049	2025-11-12	USA
EPI_ISL_20285051	2025-11-18	USA
EPI_ISL_20285077	2025-11-12	USA
EPI_ISL_20285079	2025-11-12	USA
EPI_ISL_20285073	2025-11-14	USA
EPI_ISL_20285075	2025-11-20	USA
EPI_ISL_20285061	2025-11-19	USA
EPI_ISL_20285057	2025-11-19	USA
EPI_ISL_20285059	2025-11-12	USA
EPI_ISL_20285069	2025-11-12	USA
EPI_ISL_20285071	2025-11-17	USA
EPI_ISL_20285065	2025-11-17	USA
EPI_ISL_20285067	2025-11-05	USA
EPI_ISL_20288819	2025-11-11	USA
EPI_ISL_20288734	2025-11-11	USA
EPI_ISL_20263415	2025-11-03	USA
EPI_ISL_20263414	2025-11-02	USA
EPI_ISL_20263410	2025-11-05	USA
EPI_ISL_20263371	2025-11-12	USA
EPI_ISL_19898509	2025-05-01	USA
EPI_ISL_19898498	2025-05-04	USA
EPI_ISL_20238585	2025-09-11	USA
EPI_ISL_20238550	2025-09-15	USA
EPI_ISL_20238557	2025-09-11	USA
EPI_ISL_20169985	2025-08-03	USA
EPI_ISL_20169988	2025-08-03	USA
EPI_ISL_20059512	2025-05-28	USA
EPI_ISL_20059522	2025-05-28	USA
EPI_ISL_20059521	2025-05-12	USA
EPI_ISL_20059524	2025-06-03	USA
EPI_ISL_20252105	2025-10-20	USA
EPI_ISL_20252104	2025-10-15	USA
EPI_ISL_20252106	2025-10-27	USA
EPI_ISL_20169983	2025-07-29	USA
EPI_ISL_20293563	2025-12-02	USA
EPI_ISL_20256421	2025-09-01	USA
EPI_ISL_20289169	2025-12-10	USA
EPI_ISL_20289171	2025-12-08	USA
EPI_ISL_20289170	2025-12-08	USA
EPI_ISL_20289166	2025-12-09	USA
EPI_ISL_20051696	2025-05-29	USA
EPI_ISL_20281732	2025-05-24	USA
EPI_ISL_20281729	2025-11-09	USA
EPI_ISL_20281731	2025-11-15	USA
EPI_ISL_20282128	2025-12-03	USA
EPI_ISL_20126801	2025-07-10	USA
EPI_ISL_20262422	2025-10-09	USA
EPI_ISL_20241921	2025-10-14	USA
EPI_ISL_20241922	2025-10-09	USA
EPI_ISL_20131557	2025-06-14	USA
EPI_ISL_20238592	2025-09-04	USA
EPI_ISL_20238601	2025-09-29	USA
EPI_ISL_20238602	2025-09-18	USA
EPI_ISL_20205890	2025-05-19	USA
EPI_ISL_20275637	2025-11-14	USA
EPI_ISL_20275636	2025-11-22	USA
EPI_ISL_20275639	2025-10-28	USA
EPI_ISL_20275638	2025-11-17	USA
EPI_ISL_20275633	2025-11-24	USA
EPI_ISL_20275632	2025-11-24	USA
EPI_ISL_20275635	2025-11-09	USA
EPI_ISL_20263347	2025-11-18	USA
EPI_ISL_20275634	2025-11-19	USA
EPI_ISL_20275641	2025-11-08	USA
EPI_ISL_20275640	2025-11-03	USA
EPI_ISL_20275642	2025-11-08	USA
EPI_ISL_20275621	2025-11-24	USA
EPI_ISL_20275620	2025-11-09	USA
EPI_ISL_20275623	2025-10-26	USA
EPI_ISL_20275622	2025-11-11	USA
EPI_ISL_20275617	2025-11-24	USA
EPI_ISL_20275616	2025-11-18	USA
EPI_ISL_20275619	2025-11-22	USA
EPI_ISL_20275618	2025-11-23	USA
EPI_ISL_20275629	2025-11-24	USA
EPI_ISL_20275628	2025-11-17	USA
EPI_ISL_20275631	2025-11-17	USA
EPI_ISL_20275630	2025-11-06	USA
EPI_ISL_20275625	2025-11-22	USA
EPI_ISL_20275624	2025-11-03	USA
EPI_ISL_20275627	2025-11-12	USA
EPI_ISL_20275626	2025-11-05	USA
EPI_ISL_20238740	2025-10-29	USA
EPI_ISL_20238741	2025-10-28	USA
EPI_ISL_20275607	2025-11-22	USA
EPI_ISL_20238736	2025-10-12	USA
EPI_ISL_20238737	2025-10-21	USA
EPI_ISL_20238738	2025-10-13	USA
EPI_ISL_20238739	2025-10-17	USA
EPI_ISL_20275613	2025-11-19	USA
EPI_ISL_20275612	2025-11-24	USA
EPI_ISL_20275615	2025-11-10	USA
EPI_ISL_20275614	2025-11-10	USA
EPI_ISL_20275609	2025-11-24	USA
EPI_ISL_20275608	2025-11-24	USA
EPI_ISL_20275611	2025-11-18	USA
EPI_ISL_20275610	2025-11-08	USA
EPI_ISL_20275599	2025-11-19	USA
EPI_ISL_20263310	2025-05-27	USA
EPI_ISL_20193759	2025-08-12	USA
EPI_ISL_20238582	2025-09-12	USA
EPI_ISL_20238579	2025-09-15	USA
EPI_ISL_20238587	2025-10-07	USA
EPI_ISL_20238548	2025-09-18	USA
EPI_ISL_20238552	2025-09-29	USA
EPI_ISL_20238539	2025-10-07	USA
EPI_ISL_20296989	2025-12-04	USA
EPI_ISL_20296988	2025-12-01	USA
EPI_ISL_20296990	2025-12-09	USA
EPI_ISL_20280606	2025-11-24	USA
EPI_ISL_20296986	2025-12-01	USA
EPI_ISL_20288777	2025-11-07	USA
EPI_ISL_20059325	2025-05-26	USA
EPI_ISL_20059297	2025-06-03	USA
EPI_ISL_20059302	2025-06-02	USA
EPI_ISL_20059294	2025-05-27	USA
EPI_ISL_20288757	2025-11-04	USA
EPI_ISL_20288765	2025-11-04	USA
EPI_ISL_20169977	2025-08-01	USA
EPI_ISL_20288760	2025-10-26	USA
EPI_ISL_20169982	2025-08-06	USA
EPI_ISL_20288762	2025-11-03	USA
EPI_ISL_20288749	2025-11-07	USA
EPI_ISL_20227975	2025-09-15	USA
EPI_ISL_20227977	2025-09-04	USA
EPI_ISL_20227979	2025-09-12	USA
EPI_ISL_20289533	2025-11-30	USA
EPI_ISL_20289532	2025-11-24	USA
EPI_ISL_20289535	2025-12-07	USA
EPI_ISL_20289534	2025-12-01	USA
EPI_ISL_20289531	2025-12-01	USA
EPI_ISL_20199000	2025-09-06	USA
EPI_ISL_20198990	2025-08-20	USA
EPI_ISL_19912362	2025-05-19	USA
EPI_ISL_19912372	2025-05-19	USA
EPI_ISL_20289813	2025-11-16	USA
EPI_ISL_20289812	2025-12-08	USA
EPI_ISL_20289815	2025-12-06	USA
EPI_ISL_20289814	2025-11-16	USA
EPI_ISL_20289809	2025-12-09	USA
EPI_ISL_20289808	2025-12-08	USA
EPI_ISL_20289811	2025-12-07	USA
EPI_ISL_20289810	2025-12-05	USA
EPI_ISL_20289821	2025-12-04	USA
EPI_ISL_20289820	2025-12-09	USA
EPI_ISL_20289823	2025-12-07	USA
EPI_ISL_20289822	2025-11-16	USA
EPI_ISL_20289817	2025-12-06	USA
EPI_ISL_20289816	2025-12-08	USA
EPI_ISL_20289818	2025-12-10	USA
EPI_ISL_20289797	2025-12-07	USA
EPI_ISL_20289796	2025-12-09	USA
EPI_ISL_20289799	2025-12-06	USA
EPI_ISL_20289798	2025-12-10	USA
EPI_ISL_20289793	2025-12-09	USA
EPI_ISL_20289792	2025-12-09	USA
EPI_ISL_20289795	2025-12-08	USA
EPI_ISL_20289794	2025-12-07	USA
EPI_ISL_20289805	2025-12-10	USA
EPI_ISL_20289804	2025-12-08	USA
EPI_ISL_20289807	2025-12-01	USA
EPI_ISL_20289806	2025-12-08	USA
EPI_ISL_20289801	2025-12-09	USA
EPI_ISL_20289800	2025-12-09	USA
EPI_ISL_20289803	2025-12-06	USA
EPI_ISL_20289802	2025-12-05	USA
EPI_ISL_20236709	2025-10-21	USA
EPI_ISL_20289589	2025-11-24	USA
EPI_ISL_20289591	2025-11-26	USA
EPI_ISL_20289584	2025-12-07	USA
EPI_ISL_20289586	2025-12-01	USA
EPI_ISL_20289597	2025-11-25	USA
EPI_ISL_20289599	2025-11-24	USA
EPI_ISL_20289593	2025-11-30	USA
EPI_ISL_20289595	2025-12-01	USA
EPI_ISL_20289573	2025-11-25	USA
EPI_ISL_20289569	2025-11-25	USA
EPI_ISL_20289571	2025-11-25	USA
EPI_ISL_20289581	2025-12-04	USA
EPI_ISL_20289580	2025-12-01	USA
EPI_ISL_20289582	2025-12-01	USA
EPI_ISL_20289576	2025-11-25	USA
EPI_ISL_20289578	2025-11-29	USA
EPI_ISL_20289557	2025-11-30	USA
EPI_ISL_20289559	2025-12-01	USA
EPI_ISL_20289558	2025-11-28	USA
EPI_ISL_20289553	2025-11-26	USA
EPI_ISL_20289555	2025-11-28	USA
EPI_ISL_20289565	2025-12-02	USA
EPI_ISL_20289567	2025-11-28	USA
EPI_ISL_20289561	2025-11-30	USA
EPI_ISL_20289563	2025-12-04	USA
EPI_ISL_20289541	2025-11-24	USA
EPI_ISL_20289543	2025-12-01	USA
EPI_ISL_20289537	2025-11-30	USA
EPI_ISL_20289539	2025-11-24	USA
EPI_ISL_20289549	2025-11-30	USA
EPI_ISL_20289551	2025-12-03	USA
EPI_ISL_20289545	2025-12-01	USA
EPI_ISL_20289547	2025-11-25	USA
EPI_ISL_20289653	2025-12-01	USA
EPI_ISL_20289652	2025-12-01	USA
EPI_ISL_20289655	2025-12-03	USA
EPI_ISL_20289649	2025-11-21	USA
EPI_ISL_20289650	2025-11-27	USA
EPI_ISL_20080757	2025-06-18	USA
EPI_ISL_20289661	2025-12-01	USA
EPI_ISL_20297852	2025-12-15	USA
EPI_ISL_20289663	2025-11-30	USA
EPI_ISL_20289657	2025-11-25	USA
EPI_ISL_20289659	2025-11-30	USA
EPI_ISL_20289637	2025-11-30	USA
EPI_ISL_20289639	2025-12-03	USA
EPI_ISL_20289633	2025-11-24	USA
EPI_ISL_20289635	2025-11-30	USA
EPI_ISL_20289645	2025-11-29	USA
EPI_ISL_20289647	2025-11-25	USA
EPI_ISL_20289641	2025-11-30	USA
EPI_ISL_20289643	2025-11-29	USA
EPI_ISL_20289620	2025-11-25	USA
EPI_ISL_20289622	2025-12-07	USA
EPI_ISL_20289616	2025-11-30	USA
EPI_ISL_20289618	2025-12-01	USA
EPI_ISL_20289629	2025-11-25	USA
EPI_ISL_20289628	2025-12-05	USA
EPI_ISL_20289631	2025-11-24	USA
EPI_ISL_20289624	2025-11-30	USA
EPI_ISL_20289626	2025-11-25	USA
EPI_ISL_20289605	2025-11-27	USA
EPI_ISL_20289604	2025-12-07	USA
EPI_ISL_20289606	2025-11-27	USA
EPI_ISL_20289602	2025-11-26	USA
EPI_ISL_20289612	2025-12-01	USA
EPI_ISL_20289614	2025-12-07	USA
EPI_ISL_20289608	2025-11-29	USA
EPI_ISL_20289610	2025-11-24	USA
EPI_ISL_20289668	2025-12-01	USA
EPI_ISL_20289670	2025-11-30	USA
EPI_ISL_20289666	2025-12-01	USA
EPI_ISL_20289677	2025-11-25	USA
EPI_ISL_20289676	2025-11-25	USA
EPI_ISL_20289679	2025-12-01	USA
EPI_ISL_20289672	2025-11-30	USA
EPI_ISL_20289674	2025-11-30	USA
EPI_ISL_20289781	2025-12-14	USA
EPI_ISL_20289780	2025-12-02	USA
EPI_ISL_20289783	2025-12-07	USA
EPI_ISL_20289782	2025-12-08	USA
EPI_ISL_20289777	2025-11-16	USA
EPI_ISL_20289776	2025-12-09	USA
EPI_ISL_20289779	2025-12-09	USA
EPI_ISL_20289778	2025-12-07	USA
EPI_ISL_20289789	2025-12-12	USA
EPI_ISL_20289788	2025-12-06	USA
EPI_ISL_20289791	2025-12-09	USA
EPI_ISL_20289790	2025-12-08	USA
EPI_ISL_20289785	2025-12-14	USA
EPI_ISL_20289784	2025-12-05	USA
EPI_ISL_20289787	2025-12-05	USA
EPI_ISL_20289786	2025-12-07	USA
EPI_ISL_20289767	2025-12-09	USA
EPI_ISL_20289766	2025-12-03	USA
EPI_ISL_20289773	2025-12-10	USA
EPI_ISL_20289772	2025-12-08	USA
EPI_ISL_20289775	2025-11-16	USA
EPI_ISL_20289774	2025-12-05	USA
EPI_ISL_20289769	2025-11-16	USA
EPI_ISL_20289771	2025-12-08	USA
EPI_ISL_20289770	2025-12-07	USA
EPI_ISL_20261861	2025-10-13	USA
EPI_ISL_20261859	2025-10-12	USA
EPI_ISL_20261847	2025-10-11	USA
EPI_ISL_20261848	2025-10-04	USA
EPI_ISL_20261851	2025-10-15	USA
EPI_ISL_20261850	2025-10-12	USA
EPI_ISL_20262261	2025-10-28	USA
EPI_ISL_20262257	2025-11-04	USA
EPI_ISL_20262256	2025-11-03	USA
EPI_ISL_20262259	2025-11-05	USA
EPI_ISL_20262258	2025-11-02	USA
EPI_ISL_20262270	2025-11-03	USA
EPI_ISL_20262264	2025-10-28	USA
EPI_ISL_20262267	2025-11-03	USA
EPI_ISL_20262252	2025-11-02	USA
EPI_ISL_20262255	2025-11-04	USA
EPI_ISL_20262254	2025-10-28	USA
EPI_ISL_20262325	2025-11-17	USA
EPI_ISL_20262324	2025-11-14	USA
EPI_ISL_20262327	2025-11-15	USA
EPI_ISL_20262326	2025-11-11	USA
EPI_ISL_20262321	2025-11-17	USA
EPI_ISL_20262320	2025-11-17	USA
EPI_ISL_20262323	2025-11-11	USA
EPI_ISL_20262322	2025-11-03	USA
EPI_ISL_20262333	2025-11-15	USA
EPI_ISL_20262332	2025-11-02	USA
EPI_ISL_20262335	2025-10-31	USA
EPI_ISL_20262334	2025-11-09	USA
EPI_ISL_20262329	2025-11-06	USA
EPI_ISL_20262328	2025-11-17	USA
EPI_ISL_20262331	2025-11-17	USA
EPI_ISL_20262330	2025-11-17	USA
EPI_ISL_20262309	2025-11-13	USA
EPI_ISL_20262308	2025-11-11	USA
EPI_ISL_20262311	2025-11-15	USA
EPI_ISL_20262310	2025-11-18	USA
EPI_ISL_20262305	2025-11-17	USA
EPI_ISL_20262304	2025-11-10	USA
EPI_ISL_20262307	2025-11-17	USA
EPI_ISL_20262306	2025-11-19	USA
EPI_ISL_20262317	2025-11-16	USA
EPI_ISL_20262316	2025-11-08	USA
EPI_ISL_20262319	2025-11-04	USA
EPI_ISL_20262318	2025-11-06	USA
EPI_ISL_20262313	2025-11-11	USA
EPI_ISL_20262312	2025-11-10	USA
EPI_ISL_20262315	2025-11-16	USA
EPI_ISL_20262314	2025-11-07	USA
EPI_ISL_20262293	2025-11-02	USA
EPI_ISL_20262295	2025-11-16	USA
EPI_ISL_20262294	2025-11-20	USA
EPI_ISL_20262301	2025-11-16	USA
EPI_ISL_20262300	2025-11-16	USA
EPI_ISL_20262303	2025-11-17	USA
EPI_ISL_20262302	2025-11-12	USA
EPI_ISL_20262297	2025-11-16	USA
EPI_ISL_20262296	2025-11-11	USA
EPI_ISL_20262299	2025-11-18	USA
EPI_ISL_20262298	2025-11-05	USA
EPI_ISL_20262273	2025-10-23	USA
EPI_ISL_20262341	2025-11-14	USA
EPI_ISL_20262340	2025-11-19	USA
EPI_ISL_20262343	2025-11-14	USA
EPI_ISL_20262342	2025-11-16	USA
EPI_ISL_20262337	2025-11-13	USA
EPI_ISL_20262336	2025-10-26	USA
EPI_ISL_20262339	2025-11-13	USA
EPI_ISL_20262338	2025-11-04	USA
EPI_ISL_20262349	2025-11-19	USA
EPI_ISL_20262348	2025-11-05	USA
EPI_ISL_20262351	2025-11-13	USA
EPI_ISL_20262350	2025-11-05	USA
EPI_ISL_20262345	2025-11-12	USA
EPI_ISL_20262344	2025-11-06	USA
EPI_ISL_20262347	2025-11-18	USA
EPI_ISL_20262346	2025-11-02	USA
EPI_ISL_20262068	2025-10-27	USA
EPI_ISL_20262070	2025-11-02	USA
EPI_ISL_20262065	2025-10-17	USA
EPI_ISL_20262066	2025-11-02	USA
EPI_ISL_20262076	2025-10-23	USA
EPI_ISL_20262074	2025-10-28	USA
EPI_ISL_20102992	2025-07-01	USA
EPI_ISL_20102996	2025-06-19	USA
EPI_ISL_20263348	2025-11-18	USA
EPI_ISL_20288804	2025-11-04	USA
EPI_ISL_20288800	2025-11-16	USA
EPI_ISL_20288808	2025-11-02	USA
EPI_ISL_20288790	2025-11-15	USA
EPI_ISL_20288797	2025-11-13	USA
EPI_ISL_20296991	2025-12-09	USA
EPI_ISL_20288799	2025-11-05	USA
EPI_ISL_20235723	2025-10-14	USA
EPI_ISL_20238593	2025-10-08	USA
EPI_ISL_20238537	2025-10-08	USA
EPI_ISL_20288807	2025-11-19	USA
EPI_ISL_20288806	2025-11-11	USA
EPI_ISL_20288803	2025-11-12	USA
EPI_ISL_20288796	2025-11-12	USA
EPI_ISL_20288792	2025-11-18	USA
EPI_ISL_20288794	2025-11-10	USA
EPI_ISL_20198994	2025-08-28	USA
EPI_ISL_19901228	2025-05-01	USA
EPI_ISL_20261966	2025-10-26	USA
EPI_ISL_20262061	2025-11-03	USA
EPI_ISL_20262063	2025-10-29	USA
EPI_ISL_20262062	2025-11-02	USA
EPI_ISL_20275338	2025-11-02	USA
EPI_ISL_20288788	2025-11-12	USA
EPI_ISL_20288843	2025-11-16	USA
EPI_ISL_20150133	2025-07-26	USA
EPI_ISL_20261839	2025-09-28	USA
EPI_ISL_20192998	2025-08-22	USA
EPI_ISL_20193005	2025-08-20	USA
EPI_ISL_20275645	2025-11-21	USA
EPI_ISL_20275644	2025-11-14	USA
EPI_ISL_20275647	2025-11-18	USA
EPI_ISL_20275643	2025-11-12	USA
EPI_ISL_20275604	2025-11-09	USA
EPI_ISL_20275601	2025-11-17	USA
EPI_ISL_20275600	2025-11-17	USA
EPI_ISL_20275603	2025-11-03	USA
EPI_ISL_20275602	2025-11-02	USA
EPI_ISL_20275649	2025-11-17	USA
EPI_ISL_20275648	2025-11-16	USA
EPI_ISL_20275348	2025-10-29	USA
EPI_ISL_20289716	2025-12-02	USA
EPI_ISL_20289718	2025-12-01	USA
EPI_ISL_20289713	2025-11-25	USA
EPI_ISL_20289712	2025-12-05	USA
EPI_ISL_20289714	2025-12-02	USA
EPI_ISL_20289700	2025-11-25	USA
EPI_ISL_20289702	2025-12-01	USA
EPI_ISL_20289696	2025-12-04	USA
EPI_ISL_20289698	2025-11-25	USA
EPI_ISL_20289708	2025-12-04	USA
EPI_ISL_20289704	2025-12-07	USA
EPI_ISL_20289706	2025-12-04	USA
EPI_ISL_20289692	2025-11-26	USA
EPI_ISL_20289694	2025-11-26	USA
EPI_ISL_20289690	2025-11-28	USA
EPI_ISL_20282146	2025-11-30	USA
EPI_ISL_20261783	2025-09-04	USA
EPI_ISL_20261782	2025-09-14	USA
EPI_ISL_20261784	2025-09-01	USA
EPI_ISL_20262275	2025-09-23	USA
EPI_ISL_20262274	2025-09-03	USA
EPI_ISL_20059310	2025-05-28	USA
EPI_ISL_20238599	2025-09-10	USA
EPI_ISL_20066764	2025-06-09	USA
EPI_ISL_20238586	2025-09-14	USA
EPI_ISL_20288774	2025-11-03	USA
EPI_ISL_20288769	2025-11-02	USA
EPI_ISL_20169995	2025-07-25	USA
EPI_ISL_20169993	2025-08-07	USA
EPI_ISL_20288778	2025-11-08	USA
EPI_ISL_19891272	2025-05-08	USA
EPI_ISL_19891270	2025-05-04	USA
EPI_ISL_19891268	2025-05-06	USA
EPI_ISL_20059314	2025-05-20	USA
EPI_ISL_20247716	2025-10-12	USA
EPI_ISL_20247718	2025-10-13	USA
EPI_ISL_20059300	2025-05-19	USA
EPI_ISL_20247711	2025-10-13	USA
EPI_ISL_20247706	2025-10-12	USA
EPI_ISL_20288754	2025-11-03	USA
EPI_ISL_20288751	2025-11-03	USA
EPI_ISL_20059375	2025-05-28	USA
EPI_ISL_20288747	2025-11-05	USA
EPI_ISL_20150137	2025-07-15	USA
EPI_ISL_20150136	2025-07-11	USA
EPI_ISL_19912567	2025-05-22	USA
EPI_ISL_19912566	2025-05-19	USA
EPI_ISL_19912565	2025-05-17	USA
EPI_ISL_20227976	2025-09-10	USA
EPI_ISL_20227978	2025-09-14	USA
EPI_ISL_20080756	2025-06-07	USA
EPI_ISL_20262069	2025-10-22	USA
EPI_ISL_20262071	2025-10-25	USA
EPI_ISL_20262067	2025-10-22	USA
EPI_ISL_20262073	2025-10-30	USA
EPI_ISL_20288781	2025-11-10	USA
EPI_ISL_20288780	2025-11-10	USA
EPI_ISL_20288763	2025-11-06	USA
EPI_ISL_20288748	2025-11-07	USA
EPI_ISL_20288750	2025-11-09	USA
EPI_ISL_20288746	2025-11-09	USA
EPI_ISL_20288836	2025-11-17	USA
EPI_ISL_20288822	2025-11-21	USA
EPI_ISL_20288810	2025-11-17	USA
EPI_ISL_20261961	2025-11-01	USA
EPI_ISL_20262077	2025-10-20	USA
EPI_ISL_20262079	2025-10-20	USA
EPI_ISL_20288826	2025-11-12	USA
EPI_ISL_20059322	2025-05-21	USA
EPI_ISL_20288742	2025-11-12	USA
EPI_ISL_20199001	2025-08-28	USA
EPI_ISL_20080758	2025-06-11	USA
EPI_ISL_20261863	2025-10-13	USA
EPI_ISL_20261849	2025-10-16	USA
EPI_ISL_20261941	2025-10-30	USA
EPI_ISL_20261945	2025-10-24	USA
EPI_ISL_20261956	2025-10-24	USA
EPI_ISL_20262084	2025-10-30	USA
EPI_ISL_20262086	2025-10-24	USA
EPI_ISL_20262082	2025-10-24	USA
EPI_ISL_20275228	2025-11-06	USA
EPI_ISL_20275226	2025-11-12	USA
EPI_ISL_20275368	2025-11-12	USA
EPI_ISL_20275370	2025-11-06	USA
EPI_ISL_20257997	2025-11-12	USA
EPI_ISL_20238605	2025-09-30	USA
EPI_ISL_20238603	2025-10-06	USA
EPI_ISL_20275360	2025-11-03	USA
EPI_ISL_20275353	2025-11-03	USA
EPI_ISL_20275334	2025-11-03	USA
EPI_ISL_20275331	2025-11-03	USA
EPI_ISL_20275339	2025-11-03	USA
EPI_ISL_20238580	2025-09-30	USA
EPI_ISL_20238583	2025-09-30	USA
EPI_ISL_20238545	2025-09-30	USA
EPI_ISL_20238547	2025-10-06	USA
EPI_ISL_20238555	2025-09-30	USA
EPI_ISL_20238541	2025-09-30	USA
EPI_ISL_20169984	2025-08-05	USA
EPI_ISL_20288867	2025-11-17	USA
EPI_ISL_20288852	2025-11-17	USA
EPI_ISL_20288851	2025-11-17	USA
EPI_ISL_20288850	2025-11-17	USA
EPI_ISL_20288862	2025-11-18	USA
EPI_ISL_20134396	2025-07-25	USA
EPI_ISL_20261877	2025-10-16	USA
EPI_ISL_20261881	2025-10-16	USA
EPI_ISL_20261857	2025-10-18	USA
EPI_ISL_20261869	2025-10-18	USA
EPI_ISL_20261843	2025-10-16	USA
EPI_ISL_20261853	2025-10-16	USA
EPI_ISL_20261838	2025-10-19	USA
EPI_ISL_20193001	2025-08-13	USA
EPI_ISL_20193002	2025-08-20	USA
EPI_ISL_20238594	2025-09-16	USA
EPI_ISL_20275347	2025-11-11	USA
EPI_ISL_20275359	2025-11-10	USA
EPI_ISL_20275341	2025-11-10	USA
EPI_ISL_20275343	2025-11-01	USA
EPI_ISL_20275342	2025-10-29	USA
EPI_ISL_20238590	2025-09-13	USA
EPI_ISL_20238591	2025-09-09	USA
EPI_ISL_20238551	2025-09-09	USA
EPI_ISL_20238544	2025-09-16	USA
EPI_ISL_20238536	2025-09-13	USA
EPI_ISL_20280608	2025-11-24	USA
EPI_ISL_20288855	2025-11-19	USA
EPI_ISL_20288854	2025-11-24	USA
EPI_ISL_20288845	2025-11-07	USA
EPI_ISL_20288844	2025-11-15	USA
EPI_ISL_20247712	2025-10-18	USA
EPI_ISL_20247723	2025-10-18	USA
EPI_ISL_20150134	2025-07-09	USA
EPI_ISL_20150132	2025-07-20	USA
EPI_ISL_20289525	2025-11-19	USA
EPI_ISL_20289524	2025-11-24	USA
EPI_ISL_20289527	2025-11-23	USA
EPI_ISL_20289526	2025-11-24	USA
EPI_ISL_20289521	2025-11-26	USA
EPI_ISL_20289520	2025-11-23	USA
EPI_ISL_20289523	2025-11-26	USA
EPI_ISL_20289522	2025-11-26	USA
EPI_ISL_20289529	2025-11-26	USA
EPI_ISL_20289528	2025-11-23	USA
EPI_ISL_20289530	2025-11-19	USA
EPI_ISL_20289517	2025-11-21	USA
EPI_ISL_20289519	2025-11-26	USA
EPI_ISL_20219462	2025-09-10	USA
EPI_ISL_20297853	2025-12-16	USA
EPI_ISL_20261882	2025-10-30	USA
EPI_ISL_20159114	2025-07-22	USA
EPI_ISL_20159113	2025-08-06	USA
EPI_ISL_20205891	2025-07-05	USA
EPI_ISL_20275605	2025-11-13	USA
EPI_ISL_20275606	2025-11-16	USA
EPI_ISL_20275223	2025-11-10	USA
EPI_ISL_20275225	2025-11-05	USA
EPI_ISL_20275227	2025-11-06	USA
EPI_ISL_20275319	2025-11-04	USA
EPI_ISL_20275366	2025-11-05	USA
EPI_ISL_20275372	2025-11-06	USA
EPI_ISL_20058663	2025-05-23	USA
EPI_ISL_20058666	2025-05-18	USA
EPI_ISL_20153655	2025-05-27	USA
EPI_ISL_20288816	2025-11-17	USA
EPI_ISL_20288813	2025-11-18	USA
EPI_ISL_20169991	2025-08-20	USA
EPI_ISL_20288832	2025-11-17	USA
EPI_ISL_20153791	2025-05-03	USA
EPI_ISL_20289010	2025-10-24	USA
EPI_ISL_20289022	2025-10-24	USA
EPI_ISL_20247714	2025-10-10	USA
EPI_ISL_20247721	2025-10-10	USA
EPI_ISL_20235883	2025-07-05	USA
EPI_ISL_20261886	2025-10-20	USA
EPI_ISL_20261883	2025-10-21	USA
EPI_ISL_20262292	2025-11-04	USA
EPI_ISL_20262289	2025-11-02	USA
EPI_ISL_20262288	2025-11-08	USA
EPI_ISL_20262291	2025-11-04	USA
EPI_ISL_20262290	2025-11-02	USA
EPI_ISL_20262277	2025-10-15	USA
EPI_ISL_20262276	2025-10-15	USA
EPI_ISL_20262279	2025-10-22	USA
EPI_ISL_20262278	2025-10-20	USA
EPI_ISL_20262285	2025-10-24	USA
EPI_ISL_20262284	2025-11-07	USA
EPI_ISL_20262287	2025-10-29	USA
EPI_ISL_20262286	2025-11-06	USA
EPI_ISL_20262281	2025-10-31	USA
EPI_ISL_20262280	2025-10-23	USA
EPI_ISL_20262283	2025-11-05	USA
EPI_ISL_20262282	2025-11-01	USA
EPI_ISL_20261939	2025-10-21	USA
EPI_ISL_20261958	2025-10-20	USA
EPI_ISL_20261963	2025-10-21	USA
EPI_ISL_20131555	2025-07-05	USA
EPI_ISL_20131556	2025-07-05	USA
EPI_ISL_20263308	2025-05-01	USA
EPI_ISL_19891067	2025-05-01	USA
EPI_ISL_20288818	2025-11-16	USA
EPI_ISL_20288831	2025-11-10	USA
EPI_ISL_20288811	2025-11-02	USA
EPI_ISL_20059318	2025-05-18	USA
EPI_ISL_20288745	2025-11-02	USA
EPI_ISL_20288744	2025-11-11	USA
EPI_ISL_20288732	2025-11-10	USA
EPI_ISL_20288735	2025-11-16	USA
EPI_ISL_20227621	2025-09-03	USA
EPI_ISL_20227619	2025-08-19	USA
EPI_ISL_20227615	2025-08-24	USA
EPI_ISL_20198996	2025-08-27	USA
EPI_ISL_20289725	2025-12-04	USA
EPI_ISL_20289724	2025-11-28	USA
EPI_ISL_20289727	2025-12-05	USA
EPI_ISL_20289720	2025-11-28	USA
EPI_ISL_20289722	2025-12-03	USA
EPI_ISL_20289765	2025-12-07	USA
EPI_ISL_20289764	2025-11-29	USA
EPI_ISL_20289761	2025-12-07	USA
EPI_ISL_20289763	2025-11-28	USA
EPI_ISL_20289762	2025-12-04	USA
EPI_ISL_20289749	2025-11-28	USA
EPI_ISL_20289748	2025-12-01	USA
EPI_ISL_20289751	2025-11-29	USA
EPI_ISL_20289746	2025-12-02	USA
EPI_ISL_20289757	2025-12-02	USA
EPI_ISL_20289759	2025-12-04	USA
EPI_ISL_20289758	2025-11-29	USA
EPI_ISL_20289753	2025-11-29	USA
EPI_ISL_20289755	2025-12-02	USA
EPI_ISL_20289734	2025-11-30	USA
EPI_ISL_20289729	2025-11-29	USA
EPI_ISL_20289741	2025-12-06	USA
EPI_ISL_20289742	2025-12-03	USA
EPI_ISL_20289736	2025-12-05	USA
EPI_ISL_20289739	2025-11-28	USA
EPI_ISL_20289738	2025-12-03	USA
EPI_ISL_20261873	2025-09-18	USA
EPI_ISL_20261846	2025-09-18	USA
EPI_ISL_20261957	2025-10-25	USA
EPI_ISL_20261962	2025-10-27	USA
EPI_ISL_20262078	2025-10-25	USA
EPI_ISL_20262085	2025-10-27	USA
EPI_ISL_20193000	2025-07-28	USA
EPI_ISL_20288830	2025-11-24	USA
EPI_ISL_20178599	2025-05-17	USA
EPI_ISL_20280609	2025-11-21	USA
EPI_ISL_20297000	2025-12-05	USA
EPI_ISL_20236710	2025-10-17	USA
EPI_ISL_20288785	2025-11-13	USA
EPI_ISL_20288773	2025-11-16	USA
EPI_ISL_20288775	2025-11-08	USA
EPI_ISL_20288771	2025-11-08	USA
EPI_ISL_20288779	2025-11-17	USA
EPI_ISL_20288766	2025-11-05	USA
EPI_ISL_20262064	2025-10-29	USA
EPI_ISL_20288821	2025-11-20	USA
EPI_ISL_20288820	2025-11-15	USA
EPI_ISL_20288823	2025-11-27	USA
EPI_ISL_20288825	2025-11-18	USA
EPI_ISL_20288814	2025-11-24	USA
EPI_ISL_20297001	2025-12-04	USA
EPI_ISL_20288809	2025-11-20	USA
EPI_ISL_20288997	2025-11-18	USA
EPI_ISL_20297002	2025-12-01	USA
EPI_ISL_20275364	2025-11-04	USA
EPI_ISL_20275362	2025-11-03	USA
EPI_ISL_20275355	2025-10-30	USA
EPI_ISL_20275333	2025-10-05	USA
EPI_ISL_20275332	2025-10-30	USA
EPI_ISL_20275340	2025-10-30	USA
EPI_ISL_20275337	2025-10-31	USA
EPI_ISL_20288849	2025-11-17	USA
EPI_ISL_20288860	2025-11-03	USA
EPI_ISL_20288857	2025-11-13	USA
EPI_ISL_20288846	2025-11-10	USA
EPI_ISL_20159115	2025-07-21	USA
EPI_ISL_20263402	2025-11-05	USA
EPI_ISL_20288802	2025-11-17	USA
EPI_ISL_20288798	2025-11-12	USA
EPI_ISL_20288793	2025-11-09	USA
EPI_ISL_20251862	2025-09-09	USA
EPI_ISL_20191093	2025-09-04	USA
EPI_ISL_20191094	2025-09-16	USA
EPI_ISL_19912364	2025-05-05	USA
EPI_ISL_20289173	2025-12-10	USA
EPI_ISL_20289172	2025-12-09	USA
EPI_ISL_20289174	2025-12-08	USA
EPI_ISL_20232615	2025-08-16	USA
EPI_ISL_20134399	2025-07-22	USA
EPI_ISL_20134398	2025-07-24	USA
EPI_ISL_20134397	2025-07-24	USA
EPI_ISL_20297854	2025-12-16	USA
EPI_ISL_20282145	2025-11-26	USA
EPI_ISL_20282144	2025-12-03	USA
EPI_ISL_20282143	2025-12-01	USA
EPI_ISL_20134403	2025-07-24	USA
EPI_ISL_20134402	2025-07-24	USA
EPI_ISL_20134401	2025-07-24	USA
EPI_ISL_20134400	2025-07-22	USA
EPI_ISL_20134405	2025-07-24	USA
EPI_ISL_20134404	2025-07-24	USA
EPI_ISL_20126772	2025-07-06	USA
EPI_ISL_20261965	2025-10-29	USA
EPI_ISL_20126793	2025-07-17	USA
EPI_ISL_20262059	2025-11-03	USA
EPI_ISL_20297004	2025-12-09	USA
EPI_ISL_20275685	2025-11-10	USA
EPI_ISL_20263397	2025-10-27	USA
EPI_ISL_20275684	2025-11-10	USA
EPI_ISL_20275687	2025-11-15	USA
EPI_ISL_20263399	2025-11-17	USA
EPI_ISL_20275686	2025-11-10	USA
EPI_ISL_20275681	2025-11-11	USA
EPI_ISL_20275680	2025-11-11	USA
EPI_ISL_20275683	2025-11-13	USA
EPI_ISL_20275682	2025-11-10	USA
EPI_ISL_20263405	2025-11-20	USA
EPI_ISL_20275689	2025-11-12	USA
EPI_ISL_20263401	2025-11-11	USA
EPI_ISL_20275688	2025-11-12	USA
EPI_ISL_20275691	2025-11-10	USA
EPI_ISL_20275690	2025-11-13	USA
EPI_ISL_20275669	2025-11-14	USA
EPI_ISL_20275668	2025-11-12	USA
EPI_ISL_20275671	2025-11-12	USA
EPI_ISL_20275670	2025-11-12	USA
EPI_ISL_20275667	2025-11-15	USA
EPI_ISL_20275666	2025-11-10	USA
EPI_ISL_20275677	2025-11-13	USA
EPI_ISL_20275676	2025-11-11	USA
EPI_ISL_20275679	2025-11-13	USA
EPI_ISL_20263391	2025-11-05	USA
EPI_ISL_20275678	2025-11-12	USA
EPI_ISL_20275673	2025-11-12	USA
EPI_ISL_20275672	2025-11-11	USA
EPI_ISL_20275675	2025-11-13	USA
EPI_ISL_20275674	2025-11-11	USA
EPI_ISL_20275345	2025-11-10	USA
EPI_ISL_20275358	2025-11-10	USA
EPI_ISL_20275352	2025-11-13	USA
EPI_ISL_20280611	2025-12-04	USA
EPI_ISL_20280610	2025-12-03	USA
EPI_ISL_20297005	2025-12-04	USA
EPI_ISL_20288868	2025-11-29	USA
EPI_ISL_20288838	2025-11-21	USA
EPI_ISL_20288840	2025-11-18	USA
EPI_ISL_20251863	2025-11-06	USA
EPI_ISL_20191036	2025-08-26	USA
EPI_ISL_20191089	2025-09-14	USA
EPI_ISL_20191091	2025-09-04	USA
EPI_ISL_20191096	2025-09-18	USA
EPI_ISL_20101029	2025-05-01	USA
EPI_ISL_20219463	2025-08-21	USA
EPI_ISL_20219464	2025-08-04	USA
EPI_ISL_19912357	2025-05-13	USA
EPI_ISL_19912355	2025-05-08	USA
EPI_ISL_20289175	2025-12-09	USA
EPI_ISL_20289177	2025-12-11	USA
EPI_ISL_20289179	2025-12-09	USA
EPI_ISL_20289178	2025-12-11	USA
EPI_ISL_20190934	2025-08-07	USA
EPI_ISL_20289905	2025-11-19	USA
EPI_ISL_20289904	2025-11-18	USA
EPI_ISL_20289893	2025-11-15	USA
EPI_ISL_20289892	2025-11-15	USA
EPI_ISL_20289895	2025-11-22	USA
EPI_ISL_20289894	2025-11-16	USA
EPI_ISL_20289889	2025-11-17	USA
EPI_ISL_20289888	2025-11-14	USA
EPI_ISL_20289891	2025-11-17	USA
EPI_ISL_20289890	2025-11-16	USA
EPI_ISL_20289901	2025-11-22	USA
EPI_ISL_20289900	2025-11-18	USA
EPI_ISL_20289903	2025-11-18	USA
EPI_ISL_20289902	2025-11-20	USA
EPI_ISL_20289897	2025-11-18	USA
EPI_ISL_20289896	2025-11-18	USA
EPI_ISL_20289899	2025-11-18	USA
EPI_ISL_20289898	2025-11-22	USA
EPI_ISL_20289887	2025-11-14	USA
EPI_ISL_20289886	2025-11-13	USA
EPI_ISL_20220234	2025-10-09	USA
EPI_ISL_20236711	2025-10-09	USA
EPI_ISL_20236712	2025-10-10	USA
EPI_ISL_20282147	2025-11-25	USA
EPI_ISL_20282139	2025-11-25	USA
EPI_ISL_20261879	2025-09-21	USA
EPI_ISL_20261872	2025-10-29	USA
EPI_ISL_20126692	2025-06-30	USA
EPI_ISL_20261870	2025-10-21	USA
EPI_ISL_20126680	2025-07-30	USA
EPI_ISL_20126669	2025-06-23	USA
EPI_ISL_20262399	2025-11-04	USA
EPI_ISL_20262398	2025-11-08	USA
EPI_ISL_20262373	2025-10-29	USA
EPI_ISL_20262372	2025-10-27	USA
EPI_ISL_20262375	2025-10-28	USA
EPI_ISL_20262374	2025-10-19	USA
EPI_ISL_20262369	2025-10-28	USA
EPI_ISL_20262368	2025-09-09	USA
EPI_ISL_20262371	2025-10-09	USA
EPI_ISL_20262370	2025-10-24	USA
EPI_ISL_20262380	2025-10-16	USA
EPI_ISL_20262377	2025-10-28	USA
EPI_ISL_20262376	2025-10-28	USA
EPI_ISL_20262379	2025-09-21	USA
EPI_ISL_20262378	2025-10-23	USA
EPI_ISL_20262367	2025-09-16	USA
EPI_ISL_20155633	2025-06-23	USA
EPI_ISL_20155644	2025-07-28	USA
EPI_ISL_20155616	2025-05-01	USA
EPI_ISL_20258001	2025-10-14	USA
EPI_ISL_20258000	2025-10-15	USA
EPI_ISL_20258003	2025-10-14	USA
EPI_ISL_20258002	2025-10-24	USA
EPI_ISL_20257999	2025-11-04	USA
EPI_ISL_20257998	2025-10-22	USA
EPI_ISL_20262421	2025-11-02	USA
EPI_ISL_20262420	2025-11-06	USA
EPI_ISL_20262417	2025-11-03	USA
EPI_ISL_20262416	2025-11-05	USA
EPI_ISL_20262419	2025-11-02	USA
EPI_ISL_20262418	2025-11-02	USA
EPI_ISL_20262405	2025-11-02	USA
EPI_ISL_20262404	2025-11-06	USA
EPI_ISL_20262407	2025-11-07	USA
EPI_ISL_20262406	2025-11-02	USA
EPI_ISL_20262401	2025-11-06	USA
EPI_ISL_20262400	2025-11-06	USA
EPI_ISL_20262403	2025-11-06	USA
EPI_ISL_20262402	2025-11-06	USA
EPI_ISL_20262413	2025-11-02	USA
EPI_ISL_20262412	2025-11-04	USA
EPI_ISL_20262415	2025-11-09	USA
EPI_ISL_20262414	2025-11-09	USA
EPI_ISL_20262409	2025-11-05	USA
EPI_ISL_20262408	2025-11-04	USA
EPI_ISL_20262411	2025-11-08	USA
EPI_ISL_20262410	2025-11-02	USA
EPI_ISL_20131558	2025-07-10	USA
EPI_ISL_20131563	2025-06-25	USA
EPI_ISL_20263351	2025-11-13	USA
EPI_ISL_20238588	2025-09-23	USA
EPI_ISL_20238540	2025-09-23	USA
EPI_ISL_20197576	2025-09-17	USA
EPI_ISL_20297008	2025-12-05	USA
EPI_ISL_20280612	2025-11-21	USA
EPI_ISL_20288864	2025-11-19	USA
EPI_ISL_20288848	2025-11-21	USA
EPI_ISL_20288859	2025-11-12	USA
EPI_ISL_20288847	2025-11-15	USA
EPI_ISL_20288842	2025-11-17	USA
EPI_ISL_20262060	2025-11-03	USA
EPI_ISL_20275318	2025-11-17	USA
EPI_ISL_20275320	2025-11-11	USA
EPI_ISL_20275371	2025-11-17	USA
EPI_ISL_20297009	2025-12-08	USA
EPI_ISL_20297011	2025-12-05	USA
EPI_ISL_20297010	2025-12-08	USA
EPI_ISL_20288829	2025-12-01	USA
EPI_ISL_20288828	2025-11-20	USA
EPI_ISL_20288827	2025-11-23	USA
EPI_ISL_20288815	2025-11-23	USA
EPI_ISL_20288833	2025-11-20	USA
EPI_ISL_20288834	2025-12-01	USA
EPI_ISL_20261884	2025-10-14	USA
EPI_ISL_20261935	2025-10-12	USA
EPI_ISL_20261888	2025-10-12	USA
EPI_ISL_20261959	2025-10-14	USA
EPI_ISL_20288824	2025-11-12	USA
EPI_ISL_20288837	2025-11-09	USA
EPI_ISL_20288741	2025-11-09	USA
EPI_ISL_20288743	2025-11-08	USA
EPI_ISL_20288736	2025-11-12	USA
EPI_ISL_20219465	2025-08-31	USA
EPI_ISL_20297856	2025-12-16	USA
EPI_ISL_20261885	2025-10-26	USA
EPI_ISL_20261887	2025-09-28	USA
EPI_ISL_20261937	2025-10-04	USA
EPI_ISL_20261947	2025-09-28	USA
EPI_ISL_20261890	2025-10-04	USA
EPI_ISL_20261954	2025-10-26	USA
EPI_ISL_20251864	2025-09-03	USA
EPI_ISL_20238597	2025-10-05	USA
EPI_ISL_20238598	2025-10-01	USA
EPI_ISL_20275363	2025-11-05	USA
EPI_ISL_20275349	2025-11-10	USA
EPI_ISL_20275357	2025-11-06	USA
EPI_ISL_20275356	2025-10-17	USA
EPI_ISL_20275354	2025-10-28	USA
EPI_ISL_20275335	2025-11-07	USA
EPI_ISL_20238546	2025-10-05	USA
EPI_ISL_20238543	2025-10-01	USA
EPI_ISL_20275808	2025-11-11	USA
EPI_ISL_20275810	2025-11-06	USA
EPI_ISL_20275805	2025-11-11	USA
EPI_ISL_20275806	2025-11-08	USA
EPI_ISL_20288866	2025-11-12	USA
EPI_ISL_20288853	2025-11-23	USA
EPI_ISL_20288861	2025-11-24	USA
EPI_ISL_20288856	2025-11-19	USA
EPI_ISL_20288858	2025-11-23	USA
EPI_ISL_20092378	2025-06-12	USA
EPI_ISL_20092379	2025-06-08	USA
EPI_ISL_20092377	2025-06-14	USA
EPI_ISL_20092380	2025-06-08	USA
EPI_ISL_20247713	2025-10-05	USA
EPI_ISL_20247720	2025-10-05	USA
EPI_ISL_20289456	2025-11-07	USA
EPI_ISL_20289447	2025-11-21	USA
EPI_ISL_20289453	2025-11-13	USA
EPI_ISL_20289452	2025-11-19	USA
EPI_ISL_20289455	2025-11-25	USA
EPI_ISL_20289454	2025-11-07	USA
EPI_ISL_20289448	2025-11-19	USA
EPI_ISL_20289451	2025-11-20	USA
EPI_ISL_20289450	2025-11-25	USA
EPI_ISL_20198997	2025-09-06	USA
EPI_ISL_20198998	2025-09-08	USA
EPI_ISL_20198999	2025-09-03	USA
EPI_ISL_20198992	2025-09-08	USA
EPI_ISL_20198993	2025-09-08	USA
EPI_ISL_20198995	2025-09-04	USA
EPI_ISL_20199002	2025-09-05	USA
EPI_ISL_20198989	2025-09-08	USA
EPI_ISL_20198991	2025-09-03	USA
EPI_ISL_19912369	2025-05-14	USA
EPI_ISL_20290012	2025-11-17	USA
EPI_ISL_20290011	2025-11-17	USA
EPI_ISL_20290010	2025-11-12	USA
EPI_ISL_20261878	2025-10-21	USA
EPI_ISL_20261880	2025-10-27	USA
EPI_ISL_20131561	2025-06-18	USA
EPI_ISL_20288805	2025-11-19	USA
EPI_ISL_20280614	2025-11-28	USA
EPI_ISL_20288801	2025-11-21	USA
EPI_ISL_20288789	2025-11-17	USA
EPI_ISL_20288791	2025-11-18	USA
EPI_ISL_20288795	2025-11-13	USA
EPI_ISL_20247719	2025-09-23	USA
EPI_ISL_20247710	2025-09-23	USA
EPI_ISL_20297861	2025-12-15	USA
EPI_ISL_20297860	2025-12-11	USA
EPI_ISL_20297863	2025-12-15	USA
EPI_ISL_20297862	2025-12-12	USA
EPI_ISL_20297857	2025-12-15	USA
EPI_ISL_20297859	2025-12-11	USA
EPI_ISL_20297858	2025-12-12	USA
EPI_ISL_20297865	2025-12-15	USA
EPI_ISL_20297864	2025-12-15	USA
EPI_ISL_20297866	2025-12-15	USA
EPI_ISL_20235727	2025-09-26	USA
EPI_ISL_20297869	2025-12-09	USA
EPI_ISL_20297868	2025-12-10	USA
EPI_ISL_20297870	2025-12-02	USA
EPI_ISL_20288817	2025-10-06	USA
EPI_ISL_20275229	2025-11-12	USA
EPI_ISL_20275231	2025-11-08	USA
EPI_ISL_20275230	2025-11-05	USA
EPI_ISL_20275224	2025-11-08	USA
EPI_ISL_20275321	2025-11-12	USA
EPI_ISL_20275365	2025-11-05	USA
EPI_ISL_20275367	2025-11-08	USA
EPI_ISL_20275369	2025-11-12	USA
EPI_ISL_20297013	2025-12-08	USA
EPI_ISL_20297012	2025-12-04	USA
EPI_ISL_20288786	2025-11-18	USA
EPI_ISL_20288770	2025-11-18	USA
EPI_ISL_20288783	2025-11-10	USA
EPI_ISL_20288782	2025-11-19	USA
EPI_ISL_20288753	2025-11-19	USA
EPI_ISL_20288761	2025-11-19	USA
EPI_ISL_20134411	2025-05-05	USA
EPI_ISL_20262072	2025-11-05	USA
EPI_ISL_20297014	2025-12-08	USA
EPI_ISL_20288776	2025-11-03	USA
EPI_ISL_20288752	2025-11-11	USA
EPI_ISL_20131562	2025-06-28	USA
EPI_ISL_20275361	2025-11-08	USA
EPI_ISL_20275351	2025-11-15	USA
EPI_ISL_20275344	2025-11-06	USA
EPI_ISL_20275346	2025-11-08	USA
EPI_ISL_20275336	2025-11-12	USA
EPI_ISL_20150135	2025-07-28	USA
EPI_ISL_20159112	2025-08-02	USA
EPI_ISL_20159117	2025-08-04	USA
EPI_ISL_20261964	2025-10-28	USA
EPI_ISL_20193004	2025-08-26	USA
EPI_ISL_20263379	2025-11-04	USA
EPI_ISL_20263389	2025-11-02	USA
EPI_ISL_20263390	2025-10-26	USA
EPI_ISL_20263385	2025-11-11	USA
EPI_ISL_20275350	2025-11-05	USA
EPI_ISL_20238572	2025-10-10	USA
EPI_ISL_20297015	2025-12-03	USA
EPI_ISL_20280633	2025-11-25	USA
EPI_ISL_20280634	2025-11-25	USA
EPI_ISL_20288865	2025-11-16	USA
EPI_ISL_20288863	2025-11-18	USA
EPI_ISL_20288839	2025-11-22	USA
EPI_ISL_20288841	2025-11-22	USA
EPI_ISL_20219466	2025-09-02	USA
EPI_ISL_20190911	2025-08-13	USA
EPI_ISL_20289180	2025-12-07	USA
EPI_ISL_20220236	2025-10-01	USA
EPI_ISL_20220237	2025-10-06	USA
EPI_ISL_20220238	2025-10-06	USA
EPI_ISL_20220235	2025-10-05	USA
EPI_ISL_20282132	2025-11-25	USA
EPI_ISL_20282135	2025-12-02	USA
EPI_ISL_20282134	2025-11-30	USA
EPI_ISL_20126585	2025-06-24	USA
EPI_ISL_20126617	2025-07-07	USA
EPI_ISL_20263395	2025-11-20	USA
EPI_ISL_20263406	2025-11-12	USA
EPI_ISL_20263376	2025-11-12	USA
EPI_ISL_20263373	2025-11-03	USA
EPI_ISL_20263372	2025-11-03	USA
EPI_ISL_20263375	2025-11-13	USA
EPI_ISL_20247717	2025-10-15	USA
EPI_ISL_20059306	2025-05-12	USA
EPI_ISL_20247722	2025-10-09	USA
EPI_ISL_20247708	2025-10-15	USA
EPI_ISL_20247707	2025-10-09	USA
EPI_ISL_20191025	2025-09-10	USA
EPI_ISL_20289449	2025-10-09	USA
EPI_ISL_20289184	2025-12-10	USA
EPI_ISL_20190888	2025-08-20	USA
EPI_ISL_20289181	2025-12-09	USA
EPI_ISL_20289182	2025-12-10	USA
EPI_ISL_20220239	2025-09-29	USA
EPI_ISL_20097038	2025-05-06	USA
EPI_ISL_20282148	2025-11-23	USA
EPI_ISL_20282131	2025-12-03	USA
EPI_ISL_20282130	2025-12-04	USA
EPI_ISL_20126754	2025-07-29	USA
EPI_ISL_20262075	2025-10-23	USA
EPI_ISL_20238596	2025-09-26	USA
EPI_ISL_20238595	2025-10-02	USA
EPI_ISL_20238604	2025-09-30	USA
EPI_ISL_20205888	2025-07-03	USA
EPI_ISL_20275701	2025-11-10	USA
EPI_ISL_20275700	2025-11-15	USA
EPI_ISL_20275703	2025-11-10	USA
EPI_ISL_20275702	2025-11-19	USA
EPI_ISL_20275697	2025-11-20	USA
EPI_ISL_20275696	2025-11-11	USA
EPI_ISL_20275699	2025-11-17	USA
EPI_ISL_20275698	2025-11-19	USA
EPI_ISL_20275705	2025-11-16	USA
EPI_ISL_20275704	2025-11-17	USA
EPI_ISL_20275693	2025-11-13	USA
EPI_ISL_20275692	2025-11-18	USA
EPI_ISL_20275695	2025-11-13	USA
EPI_ISL_20275694	2025-11-17	USA
EPI_ISL_20238581	2025-09-30	USA
EPI_ISL_20238589	2025-09-27	USA
EPI_ISL_20238584	2025-09-26	USA
EPI_ISL_20238549	2025-09-26	USA
EPI_ISL_20238556	2025-09-27	USA
EPI_ISL_20238553	2025-09-26	USA
EPI_ISL_20238554	2025-09-30	USA
EPI_ISL_20238542	2025-09-30	USA
EPI_ISL_20238538	2025-10-02	USA
EPI_ISL_20288812	2025-11-15	USA
EPI_ISL_20288835	2025-11-11	USA
EPI_ISL_20169980	2025-08-04	USA
EPI_ISL_20288740	2025-11-11	USA
EPI_ISL_20288737	2025-11-06	USA
EPI_ISL_20288739	2025-11-13	USA
EPI_ISL_20288738	2025-11-11	USA
EPI_ISL_20288733	2025-11-15	USA
EPI_ISL_20288731	2025-11-18	USA
EPI_ISL_20227620	2025-09-11	USA
EPI_ISL_20227622	2025-09-13	USA
EPI_ISL_20227623	2025-09-16	USA
EPI_ISL_20227616	2025-09-16	USA
EPI_ISL_20227617	2025-09-13	USA
EPI_ISL_20227618	2025-09-12	USA
EPI_ISL_20235884	2025-07-03	USA
EPI_ISL_20289909	2025-11-26	USA
EPI_ISL_20289908	2025-11-30	USA
EPI_ISL_20289911	2025-12-07	USA
EPI_ISL_20289910	2025-11-28	USA
EPI_ISL_20289907	2025-11-26	USA
EPI_ISL_20289906	2025-12-04	USA
EPI_ISL_20289913	2025-12-07	USA
EPI_ISL_20289915	2025-11-27	USA
EPI_ISL_20261876	2025-10-09	USA
EPI_ISL_20261875	2025-10-20	USA
EPI_ISL_20261874	2025-10-16	USA
EPI_ISL_20261871	2025-10-13	USA
EPI_ISL_20261865	2025-10-13	USA
EPI_ISL_20261867	2025-10-14	USA
EPI_ISL_20261845	2025-10-09	USA
EPI_ISL_20261844	2025-10-13	USA
EPI_ISL_20261841	2025-10-14	USA
EPI_ISL_20261840	2025-10-20	USA
EPI_ISL_20261842	2025-10-13	USA
EPI_ISL_20261855	2025-10-16	USA
EPI_ISL_20262389	2025-11-06	USA
EPI_ISL_20262388	2025-11-05	USA
EPI_ISL_20262391	2025-11-09	USA
EPI_ISL_20262390	2025-11-04	USA
EPI_ISL_20262385	2025-11-01	USA
EPI_ISL_20262384	2025-10-29	USA
EPI_ISL_20262387	2025-10-28	USA
EPI_ISL_20262386	2025-11-06	USA
EPI_ISL_20262396	2025-11-01	USA
EPI_ISL_20262393	2025-11-03	USA
EPI_ISL_20262392	2025-11-02	USA
EPI_ISL_20262395	2025-11-04	USA
EPI_ISL_20262394	2025-10-28	USA
EPI_ISL_20262381	2025-11-01	USA
EPI_ISL_20262383	2025-11-03	USA
EPI_ISL_20262382	2025-10-31	USA
EPI_ISL_20261943	2025-11-05	USA
EPI_ISL_20261949	2025-11-07	USA
EPI_ISL_20261951	2025-11-06	USA
EPI_ISL_20261933	2025-11-03	USA
EPI_ISL_20261932	2025-11-04	USA
EPI_ISL_20261953	2025-11-03	USA
EPI_ISL_20261955	2025-11-05	USA
EPI_ISL_20261960	2025-11-03	USA
EPI_ISL_20262081	2025-11-04	USA
EPI_ISL_20262080	2025-11-05	USA
EPI_ISL_20262083	2025-11-03	USA
EPI_ISL_20262423	2025-10-30	USA
EPI_ISL_20192999	2025-08-22	USA
EPI_ISL_20131564	2025-07-03	USA
EPI_ISL_20255280	2025-10-27	Guatemala
EPI_ISL_20206183	2025-08-15	Guatemala
EPI_ISL_20206178	2025-08-09	Guatemala
EPI_ISL_20126953	2025-07-07	Guatemala
